:020000040800F2
:1000000000500020E59000082D9100082D91000877
:100010002D9100082D9100082D910008000000008E
:100020000000000000000000000000002D9100080A
:100030002D910008000000002D910008932F00086A
:100040002D9100082D9100082D9100082D91000898
:100050002D9100082D9100081D3100082331000862
:10006000293100082F310008353100082D91000892
:100070002D9100082D9100082D9100082D91000868
:100080002D9100082D9100082D9100082D91000858
:100090002D9100082D9100082D9100083B3100089A
:1000A0002D9100089D2C00082D910008B12C00080E
:1000B000B52C0008C92C0008DD2C00082D91000883
:1000C0002D9100082D9100082D9100082D91000818
:1000D0002D910008793E0008913E0008AD3E0008D1
:1000E000513100082D9100082D91000800000000FA
:1000F0000000000000000000000000000000000000
:0C01000000000000000000005FF808F1A3
:10010C0081F0004102E000BF83F0004330B54FEABC
:10011C0041044FEA430594EA050F08BF90EA020F29
:10012C001FBF54EA000C55EA020C7FEA645C7FEABC
:10013C00655C00F0E2804FEA5454D4EB5555B8BFDF
:10014C006D420CDD2C4480EA020281EA030382EA50
:10015C00000083EA010180EA020281EA0303362DE2
:10016C0088BF30BD11F0004F4FEA01314FF4801CB5
:10017C004CEA113102D0404261EB410113F0004FC7
:10018C004FEA03334CEA133302D0524263EB43037E
:10019C0094EA050F00F0A780A4F10104D5F1200E1C
:1001AC000DDB02FA0EFC22FA05F2801841F1000177
:1001BC0003FA0EF2801843FA05F359410EE0A5F14B
:1001CC0020050EF1200E012A03FA0EFC28BF4CF07C
:1001DC00020C43FA05F3C01851EBE37101F0004532
:1001EC0007D54FF0000EDCF1000C7EEB00006EEB3F
:1001FC000101B1F5801F1BD3B1F5001F0CD34908C9
:10020C005FEA30004FEA3C0C04F101044FEA44521F
:10021C0012F5800F80F09A80BCF1004F08BF5FEAA6
:10022C00500C50F1000041EB045141EA050130BD86
:10023C005FEA4C0C404141EB0101013C28BFB1F598
:10024C00801FE9D291F0000F04BF01460020B1FAE3
:10025C0081F308BF2033A3F10B03B3F120020CDAB6
:10026C000C3208DD02F1140CC2F10C0201FA0CF094
:10027C0021FA02F10CE002F11402D8BFC2F1200CF9
:10028C0001FA02F120FA0CFCDCBF41EA0C019040AF
:10029C00E41AA2BF01EB0451294330BD6FEA0404F8
:1002AC001F3C1CDA0C340EDC04F11404C4F12002E3
:1002BC0020FA04F001FA02F340EA030021FA04F3F5
:1002CC0045EA030130BDC4F10C04C4F1200220FA4C
:1002DC0002F001FA04F340EA0300294630BD21FA8A
:1002EC0004F0294630BD94F0000F83F4801306BF50
:1002FC0081F480110134013D4EE77FEA645C18BF44
:10030C007FEA655C29D094EA050F08BF90EA020FDA
:10031C0005D054EA000C04BF1946104630BD91EAD2
:10032C00030F1EBF0021002030BD5FEA545C05D1D5
:10033C004000494128BF41F0004130BD14F5800414
:10034C003CBF01F5801130BD01F0004545F0FE4188
:10035C0041F470014FF0000030BD7FEA645C1ABFBD
:10036C00194610467FEA655C1CBF0B46024650EAF4
:10037C00013406BF52EA033591EA030F41F4002120
:10038C0030BD00BF90F0000F04BF0021704730B5A6
:10039C004FF4806404F132044FF000054FF000017B
:1003AC0050E700BF90F0000F04BF0021704730B53C
:1003BC004FF4806404F1320410F0004548BF404211
:1003CC004FF000013EE700BF42004FEAE2014FEA66
:1003DC0031014FEA02701FBF12F07F4393F07F4F41
:1003EC0081F06051704732F07F4208BF704793F044
:1003FC007F4F04BF41F40021704730B54FF4607457
:10040C0001F0004521F000411CE700BF50EA010259
:10041C0008BF704730B54FF000050AE050EA010202
:10042C0008BF704730B511F0004502D5404261EB72
:10043C0041014FF4806404F132045FEA915C3FF4B3
:10044C00D8AE4FF003025FEADC0C18BF03325FEA50
:10045C00DC0C18BF033202EBDC02C2F1200300FA01
:10046C0003FC20FA02F001FA03FE40EA0E0021FA26
:10047C0002F11444BDE600BF70B54FF0FF0C4CF414
:10048C00E06C1CEA11541DBF1CEA135594EA0C0FC6
:10049C0095EA0C0F00F0DEF82C4481EA030621EA01
:1004AC004C5123EA4C5350EA013518BF52EA03353C
:1004BC0041F4801143F4801338D0A0FB02CE4FF0EE
:1004CC000005E1FB02E506F00042E0FB03E54FF01E
:1004DC000006E1FB03569CF0000F18BF4EF0010E16
:1004EC00A4F1FF04B6F5007F64F5407404D25FEA12
:1004FC004E0E6D4146EB060642EAC62141EA5551C5
:10050C004FEAC52040EA5E504FEACE2EB4F1FD0C06
:10051C0088BFBCF5E06F1ED8BEF1004F08BF5FEA84
:10052C00500E50F1000041EB045170BD06F0004636
:10053C0046EA010140EA020081EA0301B4EB5C04E3
:10054C00C2BFD4EB0C0541EA045170BD41F48011DB
:10055C004FF0000E013C00F3AB8014F1360FDEBF00
:10056C00002001F0004170BDC4F10004203C35DADC
:10057C000C341BDC04F11404C4F1200500FA05F35F
:10058C0020FA04F001FA05F240EA020001F0004200
:10059C0021F0004110EBD37021FA04F642EB060176
:1005AC005EEA430E08BF20EAD37070BDC4F10C04A0
:1005BC00C4F1200500FA04F320FA05F001FA04F264
:1005CC0040EA020001F0004110EBD37041F1000150
:1005DC005EEA430E08BF20EAD37070BDC4F120055B
:1005EC0000FA05F24EEA020E20FA04F301FA05F2C3
:1005FC0043EA020321FA04F001F0004121FA04F26B
:10060C0020EA020000EBD3705EEA430E08BF20EA3A
:10061C00D37070BD94F0000F0FD101F00046400074
:10062C0041EB010111F4801F08BF013CF7D041EAF6
:10063C00060195F0000F18BF704703F000465200FA
:10064C0043EB030313F4801F08BF013DF7D043EACB
:10065C000603704794EA0C0F0CEA135518BF95EA81
:10066C000C0F0CD050EA410618BF52EA4306D1D108
:10067C0081EA030101F000414FF0000070BD50EA27
:10068C00410606BF1046194652EA430619D094EAB1
:10069C000C0F02D150EA013613D195EA0C0F05D19B
:1006AC0052EA03361CBF104619460AD181EA0301EF
:1006BC0001F0004141F0FE4141F470014FF00000A7
:1006CC0070BD41F0FE4141F4780170BD70B54FF042
:1006DC00FF0C4CF4E06C1CEA11541DBF1CEA1355C2
:1006EC0094EA0C0F95EA0C0F00F0A7F8A4EB0504A4
:1006FC0081EA030E52EA03354FEA013100F088809B
:10070C004FEA03334FF0805545EA131343EA126363
:10071C004FEA022245EA111545EA10654FEA002618
:10072C000EF000419D4208BF964244F1FD0404F5D1
:10073C00407402D25B084FEA3202B61A65EB03052D
:10074C005B084FEA32024FF480104FF4002CB6EBEA
:10075C00020E75EB030E22BFB61A754640EA0C006A
:10076C005B084FEA3202B6EB020E75EB030E22BFAA
:10077C00B61A754640EA5C005B084FEA3202B6EBEB
:10078C00020E75EB030E22BFB61A754640EA9C00AA
:10079C005B084FEA3202B6EB020E75EB030E22BF7A
:1007AC00B61A754640EADC0055EA060E18D04FEA38
:1007BC00051545EA16754FEA06164FEAC30343EAD8
:1007CC0052734FEAC2025FEA1C1CC0D111F4801FA5
:1007DC000BD141EA00014FF000004FF0004CB6E79E
:1007EC0011F4801F04BF01430020B4F1FD0C88BF3D
:1007FC00BCF5E06F3FF6AFAEB5EB030C04BFB6EB48
:10080C00020C5FEA500C50F1000041EB045170BD3A
:10081C000EF0004E4EEA113114EB5C04C2BFD4EB67
:10082C000C0541EA045170BD41F480114FF0000EEB
:10083C00013C90E645EA060E8DE60CEA135594EA67
:10084C000C0F08BF95EA0C0F3FF43BAF94EA0C0F6A
:10085C000AD150EA01347FF434AF95EA0C0F7FF4DF
:10086C0025AF104619462CE795EA0C0F06D152EA33
:10087C0003353FF4FDAE1046194622E750EA410617
:10088C0018BF52EA43067FF4C5AE50EA41047FF428
:10089C000DAF52EA43057FF4EBAE12E74FEA41028B
:1008AC00B2F1E04324BFB3F5001CDCF1FE5C0DD9C2
:1008BC0001F0004C4FEAC0024CEA5070B2F1004F0C
:1008CC0040EB830008BF20F00100704711F0804F0F
:1008DC0021D113F13872BCBF01F00040704741F4D4
:1008EC0080114FEA5252C2F11802C2F1200C10FAD8
:1008FC000CF320FA02F018BF40F001004FEAC123BC
:10090C004FEAD32303FA0CFC40EA0C0023FA02F35F
:10091C004FEA4303CCE77FEA625307D150EA013335
:10092C001EBF4FF0FE4040F44000704701F0004005
:10093C0040F0FE4040F40000704700BF80F00040E3
:10094C0002E000BF81F0004142001FBF5FEA41039B
:10095C0092EA030F7FEA226C7FEA236C6AD04FEA9B
:10096C001262D2EB1363C1BFD218414048404140E0
:10097C00B8BF5B42192B88BF704710F0004F40F492
:10098C00000020F07F4018BF404211F0004F41F4AE
:10099C00000121F07F4118BF494292EA030F3FD07A
:1009AC00A2F1010241FA03FC10EB0C00C3F120038D
:1009BC0001FA03F100F0004302D5494260EB40001C
:1009CC00B0F5000F13D3B0F1807F06D340084FEA87
:1009DC00310102F10102FE2A51D2B1F1004F40EB7C
:1009EC00C25008BF20F0010040EA030070474900E4
:1009FC0040EB0000013A28BFB0F5000FEDD2B0FA81
:100A0C0080FCACF1080CB2EB0C0200FA0CF0AABFA3
:100A1C0000EBC25052421843BCBFD0401843704741
:100A2C0092F0000F81F4000106BF80F40000013247
:100A3C00013BB5E74FEA41037FEA226C18BF7FEA1E
:100A4C00236C21D092EA030F04D092F0000F08BF60
:100A5C000846704790EA010F1CBF0020704712F047
:100A6C007F4F04D1400028BF40F00040704712F186
:100A7C0000723CBF00F50000704700F0004343F0EB
:100A8C00FE4040F4000070477FEA226216BF084621
:100A9C007FEA23630146420206BF5FEA412390EAE4
:100AAC00010F40F4800070474FF0000304E000BFDA
:100ABC0010F0004348BF40425FEA000C08BF70478B
:100ACC0043F0964301464FF000001CE050EA01024F
:100ADC0008BF70474FF000030AE000BF50EA010264
:100AEC0008BF704711F0004302D5404261EB410151
:100AFC005FEA010C02BF84460146002043F0B64376
:100B0C0008BFA3F18053A3F50003BCFA8CF2083A9A
:100B1C00A3EBC25310DB01FA02FC634400FA02FCA3
:100B2C00C2F12002BCF1004F20FA02F243EB0200AA
:100B3C0008BF20F00100704702F1200201FA02FC0C
:100B4C00C2F1200250EA4C0021FA02F243EB0200FF
:100B5C0008BF20EADC7070474FF0FF0C1CEAD05243
:100B6C001EBF1CEAD15392EA0C0F93EA0C0F6FD004
:100B7C001A4480EA010C400218BF5FEA41211ED0E2
:100B8C004FF0006343EA501043EA5111A0FB0131CE
:100B9C000CF00040B1F5000F3EBF490041EAD371A3
:100BAC005B0040EA010062F17F02FD2A1DD8B3F11F
:100BBC00004F40EBC25008BF20F00100704790F08E
:100BCC00000F0CF0004C08BF49024CEA502040EAE0
:100BDC0051207F3AC2BFD2F1FF0340EAC2507047A6
:100BEC0040F400004FF00003013A5DDC12F1190FE4
:100BFC00DCBF00F000407047C2F10002410021FA56
:100C0C0002F1C2F1200200FA02FC5FEA310040F16D
:100C1C00000053EA4C0308BF20EADC70704792F0E6
:100C2C00000F00F0004C02BF400010F4000F013A1E
:100C3C00F9D040EA0C0093F0000F01F0004C02BF19
:100C4C00490011F4000F013BF9D041EA0C018FE788
:100C5C000CEAD15392EA0C0F18BF93EA0C0F0AD08E
:100C6C0030F0004C18BF31F0004CD8D180EA0100B4
:100C7C0000F00040704790F0000F17BF90F0004F4D
:100C8C00084691F0000F91F0004F14D092EA0C0F2F
:100C9C0001D142020FD193EA0C0F03D14B0218BFC2
:100CAC00084608D180EA010000F0004040F0FE4008
:100CBC0040F40000704740F0FE4040F440007047A4
:100CCC004FF0FF0C1CEAD0521EBF1CEAD15392EA23
:100CDC000C0F93EA0C0F69D0A2EB030280EA010C13
:100CEC0049024FEA402037D04FF0805343EA1111AC
:100CFC0043EA10130CF000408B4238BF5B0042F10A
:100D0C007D024FF4000C8B4224BF5B1A40EA0C00AE
:100D1C00B3EB510F24BFA3EB510340EA5C00B3EBE0
:100D2C00910F24BFA3EB910340EA9C00B3EBD10FCE
:100D3C0024BFA3EBD10340EADC001B0118BF5FEA20
:100D4C001C1CE0D1FD2A3FF650AF8B4240EBC25049
:100D5C0008BF20F0010070470CF0004C4CEA50200A
:100D6C007F32C2BFD2F1FF0340EAC250704740F459
:100D7C0000004FF00003013A37E792F0000F00F04B
:100D8C00004C02BF400010F4000F013AF9D040EAC9
:100D9C000C0093F0000F01F0004C02BF490011F45D
:100DAC00000F013BF9D041EA0C0195E70CEAD15355
:100DBC0092EA0C0F08D142027FF47DAF93EA0C0F3C
:100DCC007FF470AF084676E793EA0C0F04D14B0220
:100DDC003FF44CAF08466EE730F0004C18BF31F0D2
:100DEC00004CCAD130F000427FF45CAF31F00043CC
:100DFC007FF43CAF5FE700BF4FF0FF3C06E000BF65
:100E0C004FF0010C02E000BF4FF0010C4DF804CD87
:100E1C004FEA40024FEA41037FEA226C18BF7FEA97
:100E2C00236C11D001B052EA530C18BF90EA010F99
:100E3C0058BFB2EB030088BFC81738BF6FEAE17028
:100E4C0018BF40F0010070477FEA226C02D15FEAC4
:100E5C00402C05D17FEA236CE4D15FEA412CE1D030
:100E6C005DF8040B704700BF844608466146FFE7F7
:100E7C000FB5FFF7C9FF002848BF10F1000F0FBDD9
:100E8C004DF808EDFFF7F4FF0CBF012000205DF8D2
:100E9C0008FB00BF4DF808EDFFF7EAFF34BF012057
:100EAC0000205DF808FB00BF4DF808EDFFF7E0FFF0
:100EBC0094BF012000205DF808FB00BF4DF808ED41
:100ECC00FFF7D2FF94BF012000205DF808FB00BFA4
:100EDC004DF808EDFFF7C8FF34BF012000205DF886
:100EEC0008FB00BF4FEA40024FEA41037FEA226C45
:100EFC0002D15FEA402C08D17FEA236C02D15FEA71
:100F0C00412C02D14FF0000070474FF001007047A8
:100F1C004FEA4002B2F1FE4F0FD34FF09E03B3EBFA
:100F2C0012620DD94FEA002343F0004310F0004F3A
:100F3C0023FA02F018BF404270474FF00000704790
:100F4C0012F1610F01D1420205D110F0004008BF2F
:100F5C006FF0004070474FF00000704742000ED217
:100F6C00B2F1FE4F0BD34FF09E03B3EB126209D4D8
:100F7C004FEA002343F0004323FA02F070474FF08E
:100F8C000000704712F1610F01D1420202D14FF003
:100F9C00FF3070474FF00000704700BF034613F856
:100FAC00012B002AFBD1181A0138704710B5054CDB
:100FBC00237833B9044B13B10448AFF300800123F9
:100FCC00237010BDD001002000000000ECAA000826
:100FDC0008B5034B1BB103490348AFF3008008BDB0
:100FEC0000000000D4010020ECAA000810B594B059
:100FFC00142200210CA808F064FF142200210DEB30
:10100C00020008F05EFF1022002101A808F059FF31
:10101C0002244FF480330122CDE91143CDE90A2398
:10102C004FF4E0130AA80E92139300F04BFA00B1A0
:10103C00FEE70F23CDE905344FF480630790CDE92B
:10104C000830214605A800F0FFFB00B1FEE7122393
:10105C0001934FF40043CDE9033001A800F0CEFC1E
:10106C0000B1FEE714B010BD7047000038B50E4B50
:10107C0005461A784FF47A73B3FBF2F30B4A1068F7
:10108C00B0FBF3F000F09CF8044658B90F2D09D8CA
:10109C00024629464FF0FF3000F042F82046044B40
:1010AC001D6038BD0120FCE700000020240000205A
:1010BC0004000020074A08B51368032043F010030E
:1010CC00136000F01BF80020FFF7D0FFFFF7CCFFF8
:1010DC00002008BD00200240034A044B11681B7815
:1010EC000B441360704700BFEC010020000000208F
:1010FC00014B1868704700BFEC0100200749030240
:10110C00CA6803F4E06322F4E0621204120C134385
:10111C0043F0BF6343F40033CB60704700ED00E055
:10112C00154B30B5DC68C4F30224C4F10703251D4C
:10113C00042B28BF0423062D4FF0FF3594BF002449
:10114C00033C05FA03F321EA0303A54022EA050256
:10115C00A340002843EA0203ACBF00F16040074AF9
:10116C004FEA0313DBB2ABBF00F5614000F00F0098
:10117C0080F80033135430BD00ED00E014ED00E0B6
:10118C00002807DB01234109034A00F01F008340BC
:10119C0042F82130704700BF00E100E000280CDB72
:1011AC0001220649430900F01F008240203341F818
:1011BC002320BFF34F8FBFF36F8F704700E100E028
:1011CC000138B0F1807F0BD24FF0E023F021054ABB
:1011DC00586182F823100020072298611A61704729
:1011EC000120704700ED00E0002808DB01224309D4
:1011FC00034900F01F008240603341F82320704700
:10120C0000E100E0704708B5FFF7FCFF08BD704730
:10121C0010B5044650B1437903F0FF0213B90271C3
:10122C00FFF7F5FF01230020637110BD0120FCE7DF
:10123C0090F821200346022A06D004228263012062
:10124C00002283F8202070470268C06B116821F0DF
:10125C000E011160116821F00101116001211A6C5D
:10126C0001FA02F24260002083F82110E8E7000046
:10127C0008B590F82130022B03D00423836301209E
:10128C0008BD03681A6822F00E021A601A6822F070
:10129C0001021A60174A93421FD0143293421ED097
:1012AC00143293421DD0143293421DD01432934207
:1012BC001DD01432934214BF4FF080734FF480133F
:1012CC000D4A5360012380F82130002380F8203030
:1012DC00436B03B198470020D2E70123F0E71023BA
:1012EC00EEE74FF48073EBE74FF48053E8E74FF4ED
:1012FC008033E5E708000240000002402DE9F74F7B
:10130C0000242646DFF888C1624BDFF88CE1DFF859
:10131C008C810A6832FA06F502D103B0BDE8F08F71
:10132C000127B74002EA070537EA02027AD14A6878
:10133C00032A07D8013A022A00F28380DFE802F080
:10134C0092979D00122A00F095806DD8112A00F01A
:10135C008B80FF2D98BF81464FF00F0B88BF00F19B
:10136C0004094FEA8602D9F8007088BF203A0BFABC
:10137C0002FA27EA0A0704FA02F21743C9F80070C6
:10138C00D1F8049019F0805F4CD0DCF8182026F0CE
:10139C00030742F00102CCF81820DCF8182007F102
:1013AC00804702F00102019207F5803706F0030A2C
:1013BC00019A4FEA8A0ABA680BFA0AFB22EA0B0B6B
:1013CC00374A90425DD002F5806290425BD002F5C4
:1013DC008062904259D002F58062904214BF042280
:1013EC00032202FA0AF242EA0B02BA609A6819F472
:1013FC00801F14BF2A43AA439A60DA6819F4001FAD
:10140C0014BF2A43AA43DA605A6819F4003F14BF88
:10141C002A43AA435A601A6819F4803F14BF2A431E
:10142C00AA431A60013674E7DFF878904A4508D071
:10143C0010D8A9F580194A4503D0724501D0424510
:10144C0087D18A68DAB1012A4FF008040CBF076112
:10145C0047617EE7DFF850904A45F2D009F58039B4
:10146C004A45EDE7CC6874E7CC68043471E7CC6886
:10147C0008346EE7CC680C346BE7002469E704246D
:10148C0067E70022ADE70122ABE70222A9E700BF24
:10149C000010024000040140000021100000111057
:1014AC00000801400000221000003110044A08B569
:1014BC005169014202D0506101F014FE08BD00BF19
:1014CC00000401402DE9F341054638B30368DB07FE
:1014DC0010D42B689F075ED42B68190700F19580F8
:1014EC002B685A0700F1C180EB69002B40F02C816E
:1014FC00002029E0904C636803F00C03042B07D008
:10150C00636803F00C03082B0AD16368DE0307D56C
:10151C0023689C03DDD56B68002BDAD1012013E026
:10152C006B68B3F5803F12D1236843F4803323609A
:10153C00FFF7DEFD064623689803CAD4FFF7D8FDF3
:10154C00801B6428F7D9032002B0BDE8F0819BB959
:10155C00236823F480332360236823F480232360DF
:10156C00FFF7C6FD064623689903B2D5FFF7C0FD09
:10157C00801B6428F7D9E6E7B3F5A02F236803D1C5
:10158C0043F480232360CFE723F480332360236864
:10159C0023F48023CBE7684C636813F00C0F07D05F
:1015AC00636803F00C03082B10D16368DA030DD4C5
:1015BC0023689B0702D52B69012BAFD123686A697D
:1015CC0023F0F80343EAC203236085E72A695B4BE7
:1015DC006AB101221A60FFF78BFD064623689F074C
:1015EC00ECD4FFF785FD801B0228F7D9ABE71A6016
:1015FC00FFF77EFD0646236898077FF56DAFFFF772
:10160C0077FD801B0228F6D99DE7AA694A4E4B4B01
:10161C00E2B10122C3F88024FFF76AFD0446736A25
:10162C009B070DD54FF4FA52454B1B68B3FBF2F3F5
:10163C00019300BF019B5A1E0192002BF9D14FE779
:10164C00FFF756FD001B0228E9D97CE7C3F880247C
:10165C00FFF74EFD0446736A9F077FF541AFFFF716
:10166C0047FD001B0228F6D96DE7334CE369D8001F
:10167C0024D40127E36943F08053E361E36903F069
:10168C0080530093009B2F4E3368D90518D5EB6817
:10169C00012B26D1236A43F001032362FFF728FDB7
:1016AC0041F288380646236A9B073FD5002F3FF44A
:1016BC001BAFE36923F08053E36115E70027E2E7F2
:1016CC00336843F480733360FFF712FD8046336850
:1016DC00DA05DCD4FFF70CFDA0EB08006428F6D982
:1016EC0031E7ABB9236A41F2883823F00103236256
:1016FC00236A23F004032362FFF7FAFC0646236AED
:10170C009807D3D5FFF7F4FC801B4045F7D91AE7AF
:10171C00052B236A03D143F004032362BAE723F0B9
:10172C0001032362236A23F00403B6E7FFF7E0FC0E
:10173C00801B4045B7D906E700100240000042422A
:10174C0024000020007000402A4C626802F00C0259
:10175C00082A3ED00022022B274B1A662CD1FFF709
:10176C00C7FC06462368990120D42B6AB3F5803F49
:10177C0005D16268A96822F400320A436260696A82
:10178C0062680B4322F474121343012263601A4BF8
:10179C001A66FFF7ADFC054623689A013FF5A8AE23
:1017AC00FFF7A6FC401B0228F6D9CCE6FFF7A0FCFD
:1017BC00801B0228D6D9C6E6FFF79AFC054623689B
:1017CC009B017FF595AEFFF793FC401B0228F6D9E1
:1017DC00B9E6012B3FF4A2AE60682B6A00F48032AC
:1017EC009A427FF49BAE6B6A00F47010C01A18BF5B
:1017FC000120A9E600100240000042420D4A536845
:10180C0003F00C01082912D10B48C3F38341DB030D
:10181C00405C09D55368094AC3F340435043084A16
:10182C00D35CB0FBF3F07047064B5843704703484A
:10183C00704700BF0010024036B0000800127A005A
:10184C0034B0000800093D002DE9F0410D46044676
:10185C0010B90120BDE8F081444A136803F0070376
:10186C008B4228D321688E0730D4CA0743D43F4A11
:10187C00136803F00703AB4265D822683C4D12F0A5
:10188C00040F6CD1130706D56B68226923F46053DF
:10189C0043EAC2036B60FFF7B1FF6B68354AC3F3D1
:1018AC000313D35CD840344B1860344B1868FFF7E3
:1018BC00DDFB0020CEE7136823F007030B43136016
:1018CC00136803F007038B42C3D1CBE7284B11F00D
:1018DC00040F1EBF5A6842F4E0625A60080742BF08
:1018EC005A6842F460525A605A68A06822F0F002BA
:1018FC0002435A60B9E762681D4E012A33681AD157
:10190C0013F4003FA5D0736841F2883823F0030329
:10191C0013437360FFF7ECFB07467368626803F0D0
:10192C000C03B3EB820FA2D0FFF7E2FBC01B4045C8
:10193C00F3D903208EE7022A02D113F0007FE1E7EE
:10194C0013F0020FDEE7136823F007032B43136039
:10195C00136803F00703AB427FF47BAF8DE76B6832
:10196C00E16823F4E0630B436B608BE700200240DB
:10197C0000100240DCB0000824000020040000200D
:10198C00044B054A5B68C3F30223D35C034A10681B
:10199C00D840704700100240D4B00008240000204A
:1019AC00044B054A5B68C3F3C223D35C034A10683B
:1019BC00D840704700100240D4B00008240000202A
:1019CC000F2303600B4B5A6802F0030242605A6803
:1019DC0002F0F00282605A6802F4E062C2605B6856
:1019EC00DB0803F4E0630361034B1B6803F007039C
:1019FC000B607047001002400020024003682DE984
:101A0C00F3410546D80721D5364CE369D9002BD4D0
:101A1C000126E36943F08053E361E36903F08053EB
:101A2C000193019B304F3B68DA051FD5236A6A6826
:101A3C0013F440732ED1236A6A6823F44073134362
:101A4C0023621EB1E36923F08053E3612A68910796
:101A5C0006D52449A8684B6823F4404303434B60E4
:101A6C00D30636D4002012E00026DBE73B6843F4B3
:101A7C0080733B60FFF73CFB80463B68DB05D5D4AD
:101A8C00FFF736FBA0EB08006428F6D9032002B060
:101A9C00BDE8F08102F440729A42CCD00120134A86
:101AAC00236AC2F84004002023F44071DF07C2F817
:101ABC0040042162BFD5FFF71BFB41F28838074673
:101ACC00236A9807B7D4FFF713FBC01B4045F7D91F
:101ADC00DCE7044AE968536823F480030B43536042
:101AEC00C0E700BF001002400070004000004242FE
:101AFC00704710B50446002851D0436A002B4AD1D8
:101B0C004268B2F5827F00D0C3610023A36294F8CF
:101B1C00513003F0FF0223B9204684F85020FFF720
:101B2C00E7FF0223226884F851301368A06823F081
:101B3C0040031360636800F4044003F482730343AE
:101B4C00E068A16900F400600343206900F0020022
:101B5C000343606900F00100034301F40070034388
:101B6C00E069090C00F038000343206A01F004011D
:101B7C0000F080000343A06A00F40050034313609C
:101B8C005160D369002023F40063D36101236065A5
:101B9C0084F8513010BD0023C0E90433B5E70120AF
:101BAC00F8E7704710B5044680B10223026880F84C
:101BBC005130136823F040031360FFF7F2FF00204D
:101BCC00606584F8500084F8510010BD0120FCE7DA
:101BDC00022341F2111210B580F83D30036804461F
:101BEC00196A114208D140F24442196A114202BFEB
:101BFC001A6822F001021A60204601F0CCFE002087
:101C0C0084F8460084F83C0084F83E0084F83F00D9
:101C1C0084F8400084F8410084F8420084F84300C2
:101C2C0084F8440084F8450084F83D0010BD0000A1
:101C3C0090F83D30012B1CD102230F4A80F83D3027
:101C4C00036893420AD0B3F1804F07D0A2F59432C7
:101C5C00934203D002F58062934204D19A6802F059
:101C6C000702062A03D01A6842F001021A6000200B
:101C7C0070470120704700BF002C014041F2111247
:101C8C000368196A114208D140F24442196A1142A0
:101C9C0002BF1A6822F001021A60012380F83D305D
:101CAC00002070470368DA6822F00102DA6041F222
:101CBC001112196A114208D140F24442196A1142B8
:101CCC0002BF1A6822F001021A60012380F83D302D
:101CDC000020704790F83C200346012A4FF0020088
:101CEC0009D01A6883F83D0051610020012283F865
:101CFC003C0083F83D20704770477047036870B50F
:101D0C00DD681E690446B1070DD5AA070BD56FF027
:101D1C0002021A61012202779B699B0769D001F0CC
:101D2C007EF800232377710710D56A070ED56FF064
:101D3C000402236820461A61022222779B6913F45D
:101D4C00407F5CD001F06BF80023237733070FD56D
:101D5C0028070DD56FF00802236820461A6104226B
:101D6C002277DB69990750D001F059F800232377CB
:101D7C00F20610D5EB060ED56FF010022368204644
:101D8C001A6108222277DB6913F4407F43D001F0FB
:101D9C0046F800232377F00708D5E90706D56FF03E
:101DAC000102236820461A6101F016F8320608D5A4
:101DBC002B0606D56FF08002236820461A6100F0CE
:101DCC00AEF9700608D5690606D56FF04002236897
:101DDC0020461A61FFF791FFB20622D5AB0620D53B
:101DEC006FF0200223682046BDE870401A6100F0B5
:101DFC0095B901F012F82046FFF77EFF91E701F04C
:101E0C000CF82046FFF778FF9EE701F006F8204615
:101E1C00FFF772FFAAE701F000F82046FFF76CFF0E
:101E2C00B7E770BD174A036890420AD0B0F1804FF3
:101E3C0007D0A2F59432904203D002F58062904212
:101E4C0007D14A6823F070031343CA6823F4407324
:101E5C0013434A6923F08003134303608B68C36206
:101E6C000B688362074B984204BF0B690363012321
:101E7C0043610369DB0742BF036923F0010303617C
:101E8C00704700BF002C014010B5044630B390F8E9
:101E9C003D3003F0FF021BB980F83C2001F054FDEB
:101EAC000223206884F83D30211DFFF7BBFF01237E
:101EBC00002084F8463084F83E3084F83F3084F8B3
:101ECC00403084F8413084F8423084F8433084F850
:101EDC00443084F8453084F83D3010BD0120FCE7D7
:101EEC0010B50124036A01F01F018C4023EA04039E
:101EFC000362036A8A401A43026210BD08B529B90D
:101F0C0090F83E30012B1DD001202FE0042907D181
:101F1C0090F83F30012BF7D1022380F83F3014E0CA
:101F2C00082907D090F84130012BEDD1022380F81D
:101F3C0041300AE090F84030012BE5D1022380F8C3
:101F4C00403002E0022380F83E3000680122FFF7A7
:101F5C00C7FF0E4B98420AD1436C43F400434364D1
:101F6C00836803F00703062B0BD1002008BDB0F1EA
:101F7C00804FF5D0064B9842F2D003F5806398421F
:101F8C00EED0036843F001030360EEE7002C014040
:101F9C0000040040FFF7B2BF034610B559BB90F8E0
:101FAC003E4093F84220012CE0B2D2B257D1012A24
:101FBC0020D1022283F83E2083F8422018680122A7
:101FCC00FFF78EFF274B98420AD0B0F1804F07D015
:101FDC00A3F59433984203D003F58063984204D15F
:101FEC00836803F00703062B03D0036843F0010357
:101FFC000360002010BD04290FD190F83F4093F8E6
:10200C004320012CE0B2D2B229D1012AF2D1022212
:10201C0083F83F2083F84320D0E708290FD090F8AD
:10202C00414093F84520012CE0B2D2B217D1012ADD
:10203C00E0D1022283F8412083F84520BEE790F8D6
:10204C00404093F84420012CE0B2D2B207D1012ACF
:10205C00D0D1022283F8402083F84420AEE701203F
:10206C00C8E700BF002C014010B50424036A01F03E
:10207C000F018C4023EA04030362036A8A401A436B
:10208C00026210BD08B529B990F84230012B1DD061
:10209C0001203EE0042907D190F84330012BF7D101
:1020AC00022380F8433014E0082907D090F845301B
:1020BC00012BEDD1022380F845300AE090F8443032
:1020CC00012BE5D1022380F8443002E0022380F892
:1020DC00423000680422FFF7C7FF436C43F400430F
:1020EC0043640C4B98420AD0B0F1804F07D0A3F553
:1020FC009433984203D003F58063984204D18368EB
:10210C0003F00703062B03D0036843F001030360BD
:10211C00002008BD002C0140FFF7B4BF704770478A
:10212C00026802F10C0353E8003F23F490730C3265
:10213C0042E8003102680029F2D102F1140353E89D
:10214C00003F23F0010302F1140C4CE8003100298C
:10215C00F3D1036B012B0BD102F10C0353E8003FBD
:10216C0023F0100302F10C0C4CE800310029F3D1E0
:10217C00202380F8423000230363704710B50446D7
:10218C000368C1681A6922F440520A431A618268D2
:10219C000069D9680243606921F4B05121F00C0147
:1021AC0002430A43DA605A69A16922F440720A4375
:1021BC005A610E4A934215D1FFF7F2FB19234343A0
:1021CC00626820689200B3FBF2F36422B3FBF2F175
:1021DC0002FB11331B013233B3FBF2F303EB01139C
:1021EC00836010BDFFF7CCFBE8E700BF003801406F
:1021FC00F7B505460C4617461E462A68136834EA9E
:10220C00030301D1002021E0701CF7D0FEF770FF12
:10221C00C01B86421CD3DEB12B68DA685107ECD5A3
:10222C00802CEAD0402CE8D01A681207E5D500249F
:10223C0001941A68284601925B680193019BFFF791
:10224C006FFF082301206B6485F8404003B0F0BD9C
:10225C000320FBE7704710B5044648B390F84130B3
:10226C0003F0FF021BB980F84020FFF7F3FF242393
:10227C00226884F84130D368204623F40053D3609D
:10228C00FFF77CFF236800201A6922F490421A6140
:10229C005A6922F02A025A61DA6842F40052DA6072
:1022AC002023606484F8413084F84230606310BDB0
:1022BC000120FCE710B5044668B390F8413003F0F8
:1022CC00FF021BB980F84020FFF7C4FF24232268CB
:1022DC0084F84130D368204623F40053D360FFF7D1
:1022EC004DFF236800201A6922F490421A615A6942
:1022FC0022F022025A615A6942F008025A61DA68E5
:10230C0042F40052DA602023606484F8413084F88F
:10231C004230606310BD0120FCE72DE9F84398467C
:10232C0090F841300446202B0E4617463FD1002929
:10233C003FD0002A3DD021230025456480F8413050
:10234C00FEF7D6FEA3688146B3F5805FA784E784C9
:10235C0003D123690BB935461E46E38C9BB253B9A6
:10236C0043464A4640212046FFF742FF202350B9FE
:10237C0084F841300AE043464A4680212046FFF764
:10238C0037FF28B12023032084F84130BDE8F883BF
:10239C0022684EB935F8023BC3F308035360E18C55
:1023AC00013989B2E184D8E716F8013BF6E702203F
:1023BC00ECE70120EAE790F84130202B10D189B1ED
:1023CC0082B1C284828400232122016201684364A9
:1023DC0080F84120CA68184642F08002CA607047F3
:1023EC00022070470120704708B50023406AC3855E
:1023FC00C38401F0FDFC08BD704790F8423007B56E
:10240C00222B42D181680268B1F5805F836A3FD18B
:10241C00016900293FD15268C2F3080223F8022B4C
:10242C008362C38D013B9BB2C385002B2DD1026807
:10243C00D16821F02001D160D16821F48071D16084
:10244C00516921F001015161202280F8422043633F
:10245C00026B012A026828D1036302F10C0353E8D2
:10246C00003F23F0100302F10C0C4CE80031002962
:10247C00F3D11368DB0605D50191136801935368FA
:10248C000193019B818DFFF7B7FF03B05DF804FB4F
:10249C0039B9016929B95268D2B21A70836A013309
:1024AC00BEE7526802F07F02F7E701F09BFCECE715
:1024BC00036873B51A6804461607D9685D690AD1B2
:1024CC00960640F18B808D0640F1888002B0BDE805
:1024DC007040FFF792BF15F001054BD012F0010FC1
:1024EC0002F0040363D11BB1636C43F00203636419
:1024FC00930749D5636C12F0080F43F0040363642F
:10250C0003D0636C43F008036364636C002B5FD0EF
:10251C00920604D58B0602D52046FFF76EFF26687F
:10252C0020467369626C03F0400302F0080253EA20
:10253C0002054FD0FFF7F4FD73695E0645D522689E
:10254C0002F1140353E8003F23F04003143242E835
:10255C0000310029F3D1E06B002836D0894B43635E
:10256C00FEF786FE002833D0E06B436B02B0BDE86B
:10257C007040184711F4907F30D012F0010F02F028
:10258C00040307D190070DD41007BED501F020032A
:10259C002B43B5E7CE050FD4002BF3D19607F3D51B
:1025AC00002DA7D11507B0D511F0200FA8E7C8054D
:1025BC0002D4002B98D1F1E7636C560743F001036A
:1025CC006364EBD5002DDDD08EE7204601F010FCC6
:1025DC0002B070BD01F00CFC6564F9E7206B0128BA
:1025EC0040F09480D50640F19180C80640F18E8071
:1025FC00002201921A6801925A680192019A5A6952
:10260C0052064DD5E16B0A68526892B2002ADFD0AF
:10261C00A08D9042DCD9E2858A69202A36D003F15C
:10262C000C0252E8002F22F4807203F10C0040E8F7
:10263C0000210029F3D103F1140252E8002F22F0FB
:10264C00010203F1140040E800210029F3D103F149
:10265C00140252E8002F22F0400203F1140040E86B
:10266C0000210029F3D1202284F84220216303F1B8
:10267C000C0252E8002F22F0100203F10C0040E88B
:10268C0000210029F3D1E06BFEF7D2FD0223636336
:10269C00E38DA18DC91A89B22046FFF7ADFE97E7ED
:1026AC00E28DE08DA18D80B292B2002890D0891A73
:1026BC0089B200298CD003F10C0252E8002F22F4CD
:1026CC00907203F10C0545E800200028F3D103F1CA
:1026DC00140252E8002F22F0010203F1140545E820
:1026EC0000200028F3D1202284F84220206303F13B
:1026FC000C0252E8002F22F0100203F10C0545E801
:10270C0000200028F3D102236363C5E7160628D501
:10271C000D0626D594F84120212A7FF459AFA168E3
:10272C00226AB1F5805F17D12169A9B932F8021B71
:10273C00C1F3080159602262E28C013A92B2E28440
:10274C00002A7FF445AFDA6822F08002DA60DA689A
:10275C0042F04002DA603BE7511C216212785A6069
:10276C00EAE750067FF534AF4A067FF531AFDA68F9
:10277C00204622F04002DA60202384F8413001F038
:10278C0034FB25E7F523000890F84030012B11D0DD
:10279C002423026880F84130D36823F00C0343F003
:1027AC000803D360202380F84130002380F84030A8
:1027BC00184670470220704790F84030012B11D01A
:1027CC002423026880F84130D36823F00C0343F0D3
:1027DC000403D360202380F84130002380F840307C
:1027EC00184670470220704790F8412090F842003C
:1027FC00104370470023C2854364222382850269FB
:10280C0080F84230816203681AB1DA6842F480724F
:10281C00DA605A69002042F001025A61DA6842F02B
:10282C002002DA60704770B490F84260202E06D116
:10283C0041B13AB10024046370BCFFF7DBBF022046
:10284C0070BC70470120FBE7836810B504462BB1C0
:10285C000322014698470023C4E9023310BD836864
:10286C0010B5044613B1032201469847204610BD0B
:10287C0010B5044650F8103FDA6822F00102DA6015
:10288C00DA6822F00202DA60DA6822F00402DA6016
:10289C00DA6822F00802DA60DA6822F01002DA60F4
:1028AC00FFF7ECF92269136823F00103136001238D
:1028BC0084F84E3084F84F3084F8503084F851301E
:1028CC0084F8523084F8533084F8543084F85530FE
:1028DC0010BD4B1E032B00D9FEE78900081F704763
:1028EC000139435C13F0100004D0022916D80C4AAD
:1028FC0032F81100DB0712D503290FD8DFE801F0FD
:10290C000205080B40F00100704740F010007047C2
:10291C0040F48070704740F480507047FEE7704779
:10292C004EB000080139032900D9FEE7014B585C71
:10293C00704700BF4AB000080139032900D9FEE7EF
:10294C00014B585C704700BF46B000082DE9F041C0
:10295C000E460446FFF7BDFF06F106080546314654
:10296C00204604EB0818FFF7DDFFD8F808302BB130
:10297C00C24323691A61DA680243DA60771E04EBFA
:10298C0047039B880B2B49D8DFE803F05118181824
:10299C00060618184A4A4A2AE35DDE0604D529467B
:1029AC0004F11000FFF7B8FBE35DD80736D52946D4
:1029BC0004F11000BDE8F041FFF7ECBAE35DD90675
:1029CC0004D5294604F11000FFF75CFBE35DDA0740
:1029DC0024D5294604F11000BDE8F041FFF78EBA6A
:1029EC00294604F11000FFF7D7FA31462046FFF7CD
:1029FC00A3FF014606462046FFF772FF25692B6AA6
:102A0C001843D8F80830286243B131462046FFF706
:102A1C0089FFC3432B61EB681843E860BDE8F08184
:102A2C00294604F11000BDE8F041FFF7B5BA23695F
:102A3C001B68DB07F2D404F11000BDE8F041FFF78E
:102A4C00F7B870B5012504462946861C36F8023FB6
:102A5C0023B129462046FFF779FF00210135052DCA
:102A6C00F4D1A36E3BB16FF0010223691A61DA68ED
:102A7C0042F00102DA6049B123691B68DB0705D417
:102A8C0004F11000BDE87040FFF7D2B870BD012111
:102A9C001030FFF71FB90369186800F00100704788
:102AAC0010B502460C46FFF7F6FF80B9CB68DB0782
:102ABC000ED5CB68104623F00103CB60FFF7E7FF80
:102ACC006FF001032361E36843F00103E36010BD81
:102ADC001046BDE81040FFF7DABF00000B4B9842E0
:102AEC000BD0B0F1804F0AD0A3F59433984208D0A4
:102AFC0003F58063984206D0FEE700207047012062
:102B0C007047022070470320704700BF002C014023
:102B1C00024670B5044652F8100FFFF7DFFF05466A
:102B2C00104600F0A3FE0023084A04F1600642F8A8
:102B3C002530E36004F1B005B54204D0103D2846C1
:102B4C00FFF78DFEF8E7204670BD00BFF0010020B6
:102B5C00F8B504460846FFF7C1FF236903B1FEE749
:102B6C001B4D04F10C0245F820200E2204F1100636
:102B7C003046C4E90C33C4E90E33C4E91033C4E95C
:102B8C001623216184F82C30A36484F84C3084F82B
:102B9C004D30E46000F026FE04F1600504F1B0074E
:102BAC0028461035FFF750FEBD42F9D100234FF6F1
:102BBC00FF72C4E90033C4E90632C4E90833A360E8
:102BCC00636180233046A362BDE8F840FFF75CB92F
:102BDC00F001002010B586B014220446002101A893
:102BEC0007F06FF90023694601A80093FEF7E8FE91
:102BFC00206900F0E1FE012802D002280FD0FEE788
:102C0C00049CFEF7BDFEB4F5C06F05D00BD824F4C0
:102C1C008074B4F5806F00D1400006B010BD059CE7
:102C2C00FEF7BEFEEFE7B4F5E06FF4E7012A38B526
:102C3C0005460C460BD0022A16D004B1013C29697A
:102C4C002846CC62EC61BDE83840FFF729BFFFF79E
:102C5C00C1FF084BB0FBF3F044432A69230C936289
:102C6C000133B4FBF3F4E8E7FFF7B4FFB0FBF4F483
:102C7C00F3E700BF40420F0010B500F110042046EE
:102C8C00FFF710F82046BDE81040FEF7A1BF00008A
:102C9C00034B186810B10430FFF730B8704700BF11
:102CAC00F0010020FFF7F4BF034B586810B104305B
:102CBC00FFF724B8704700BFF0010020034B986861
:102CCC0010B10430FFF71AB8704700BFF0010020B4
:102CDC00034BD86810B10430FFF710B8704700BF31
:102CEC00F00100200022C0E90022C0E90222704756
:102CFC00F8B504460E4600F1600500F1B007284611
:102D0C001035FFF7EFFFBD42F9D1002320463146C5
:102D1C002361FFF71DFF2046F8BD38B50023C0E93D
:102D2C000033C0E902338B6804460D462BB10222F6
:102D3C009847EB68E360AB68A360204638BD30B5BC
:102D4C0087B002AD04462846FFF7E7FF95E803007D
:102D5C006B4683E8030094E8030085E8030093E8DE
:102D6C000300049BA268A360059B0492E26884E8BC
:102D7C000300E36028460592FFF771FD07B030BDF4
:102D8C0038B50446A36E0D4660301BB1BDE8384023
:102D9C00FFF7D5BFFFF7D3FFAB683BB16FF0010274
:102DAC0023691A61DA6842F00102DA6038BD826880
:102DBC0010B50AB906F00EFBC368BDE81040184701
:102DCC0008B500B9FEE700F00BFD0068836E13B187
:102DDC006030FFF7ECFF08BDFFF7F2BF10B500B98C
:102DEC00FEE7037F013B072B10D8DFE803F0041448
:102DFC000F100F0F0F12012400F0F2FC00680634C4
:102E0C0000EB041083680BB1FFF7D1FF10BD032456
:102E1C00F2E70424F0E70224EEE7FFF7DFBFFFF749
:102E2C00DDBF06F01FBE06F01DBE06F023BE06F089
:102E3C0021BE000086B0042841D8DFE800F0031062
:102E4C001C2834001F4B20489A6942F004029A61F6
:102E5C009B6903F004030193019B06B07047194B67
:102E6C001A489A6942F008029A619B6903F00803B8
:102E7C000293029BF1E7134B15489A6942F010023A
:102E8C009A619B6903F010030393039BE5E70D4BD9
:102E9C0010489A6942F020029A619B6903F0200362
:102EAC000493049BD9E7074B0B489A6942F0400204
:102EBC009A619B6903F040030593059BCDE70020C5
:102ECC00CBE700BF0010024000080140000C01409D
:102EDC00001001400014014000180140F8B51449DD
:102EEC00074600F035FCFFF7F9FD124E044656F884
:102EFC00203073B9B020FFF794FF0D4905463846D2
:102F0C0000F026FC01462846FFF7F2FE56F8243066
:102F1C001D6056F824301C6844B12046FFF7F8FDBC
:102F2C002046BDE8F840B021FFF781BFF8BD00BFD7
:102F3C007CAD0008F001002037B54FF0E025FEF71E
:102F4C00D7F8AB6904460093FEF7D2F8AB6984421C
:102F5C00019369694FF47A7301F1010108D0019A68
:102F6C008A1A5A43B2FBF1F203FB002003B030BDC6
:102F7C00009A8A1A5A43B2FBF1F203FB0420F5E7DC
:102F8C00FEF7B6B8704708B5FEF7A6F8FEF73BF9A2
:102F9C00FFF7F8FF08BD70470F4B84B0DA6942F0B9
:102FAC008052DA61DA6902F080520192019A9A69D0
:102FBC0042F001029A619A6902F001020292029AAD
:102FCC005A6942F040025A615B6903F04003039373
:102FDC00039B04B0704700BF001002400C4BD3F8A9
:102FEC00FC20D2015EBFD3F8FC2042F08072C3F803
:102FFC00FC200022074B5A601A6842F001021A604A
:10300C0000BF00BF00BF5868B0FA80F0400970479D
:10301C0000ED00E0001000E008B5FFF7BDFFFFF782
:10302C00DDFFFEF747F8FFF7B6FFFDF7DFFFBDE862
:10303C0008400148FEF7ECB81C000020012A02D120
:10304C00016000207047022A05D0032AF9D0002A1B
:10305C00F7D10260F5E70B680360F2E703681847E5
:10306C000023C0E90033C0E90233704770B5002477
:10307C00012904F101032AD11421E4B26143164D54
:10308C006E18F3683BB10431294403220846984773
:10309C000023C6E90333142300226343E8560E4B86
:1030AC0093F90010814201D1D96899B90132102AE3
:1030BC0003F11403F4D1094A0949136851F8241097
:1030CC00BDE8704023EA01031360FEF767B81C46A5
:1030DC004908CDE770BD00BF00020020000401408C
:1030EC0054B000080023012803F101020AD1142274
:1030FC00DBB25343054A181D1044816829B11A44A8
:10310C001369184713464008EDE77047000200208A
:10311C000120FEF7CBB90220FEF7C8B90420FEF758
:10312C00C5B90820FEF7C2B91020FEF7BFB938B5F3
:10313C0005242025A8B2FEF7B9F9013C4FEA450554
:10314C00F8D138BD38B506244FF48065A8B2FEF727
:10315C00ADF9013C4FEA4505F8D138BD2DE9F041F8
:10316C0001260D461746002400F00F0806FA08F653
:10317C008AB0B3B2012B04F1010252D1C0F3031097
:10318C00FFF758FEC8B1284B012253F82830CDE97F
:10319C0002671B0A93FAA3F1B1FA81F193FAA3F334
:1031AC00B3FA83F3C6688A40324022FA03F30493DD
:1031BC00032302A90593FEF7A1F8142306AE2946B2
:1031CC003046E4B25C43FFF7A8FD96E803006A467C
:1031DC00DFF8588082E8030008EB0403043393E81B
:1031EC00030086E8030092E8030083E80300271D30
:1031FC00089B4744BA68BB60099B0892FA68304642
:10320C00FB600992FFF72BFB18F904400022062102
:10321C002046FDF785FF2046FDF7B2FF0AB0BDE85A
:10322C00F08114465B08A5E794B00008000200206A
:10323C00344A08B51046062300F8043BFFF710FF8C
:10324C00072302F118001375FFF70AFF082302F198
:10325C002C0082F82830FFF703FF092302F140000D
:10326C0082F83C30FFF7FCFE0A23172102F15400D0
:10327C0082F85030FFF7F4FE02F1680082F8641017
:10328C00FFF7EEFE02F17C0082F87810FFF7E8FE03
:10329C0002F1900082F88C10FFF7E2FE02F1A4001C
:1032AC0082F8A010FFF7DCFE82F8B410282102F19E
:1032BC00B800FFF7D5FE02F1CC0082F8C810FFF77A
:1032CC00CFFE02F1E00082F8DC10FFF7C9FE02F13C
:1032DC00F40082F8F010FFF7C3FE02F5847082F858
:1032EC000411FFF7BDFE02F58E7082F81811FFF77E
:1032FC00B7FEBDE8084002F5987082F82C11FFF774
:10330C00AFBE00BF0002002038B5054CA4F5A07577
:10331C00143C201DFFF7A3FAAC42F9D138BD00BF15
:10332C00400300207B4B82B09A69013842F00102C5
:10333C009A619B6903F001030193019B23282CD80C
:10334C00DFE810F024002D0034003B004000470063
:10335C004C00530058005F0068006D0074007D0045
:10336C008200890092009B00A000A700B000B5006D
:10337C00BC002B002B002B00C100C8002B002B0025
:10338C002B002B00CD00D200D900E000624A53681C
:10339C0043F0E06343F00103536002B070475E4AB0
:1033AC00536823F0010343F0E063F5E75A4A53688E
:1033BC0043F0E06343F00203EEE7574A536823F00F
:1033CC000203F0E7544A536843F0E06343F004030C
:1033DC00E2E7514A536823F00403E4E74E4A53688A
:1033EC0043F0E06343F00803D6E74B4A536823F0FD
:1033FC000803D8E7484A536843F0E06343F03003CE
:10340C00CAE7454A536823F0300343F0E06343F0C6
:10341C001003C1E7404A536823F03003C3E73E4A28
:10342C00536843F0E06343F0C003B5E73A4A53688E
:10343C0023F0C00343F0E06343F04003ACE7364AAB
:10344C00536823F0C003AEE7334A536843F0E0639C
:10345C0043F44073A0E7304A536823F4407343F0BD
:10346C00E06343F4007397E72B4A536823F44073EB
:10347C0043F0E06343F480738EE7274A536823F4E8
:10348C00407390E7244A536843F0E06343F440638D
:10349C0082E7214A536823F4406343F0E06343F42A
:1034AC00006379E71C4A536823F440637BE71A4AAC
:1034BC00536843F0E06343F480536DE7164A536856
:1034CC0023F480536FE7144A536843F0E06343F4EA
:1034DC00004361E7104A536823F4004363E70E4A44
:1034EC00536823F0E06357E70B4A536823F0E0631B
:1034FC0043F0807350E7084A536823F0E06343F0CD
:10350C00007349E7044A536823F0E06343F0806397
:10351C0042E700BF001002400000014091FAA1F305
:10352C00B3FA83F370B50D0E0F2691FAA1F1B1FA2F
:10353C0081F144599B0006FA03F3890024EA030441
:10354C008A402243425170BD91FAA1F3B3FA83F33E
:10355C0070B50D0E042691FAA1F1B1FA81F144591E
:10356C009B0006FA03F3890024EA03048A402243F1
:10357C00425170BD431C04D00C3151F80C3C5A1C08
:10358C0001D100207047834201F10C01F5D10120DB
:10359C0070470000431C2DE9F34107460E4600D14D
:1035AC00FEE75C4B00F00F02C0F3031001F00708BC
:1035BC0053F82250FFF73EFCB8F1010F044615D129
:1035CC0095FAA5F3B3FA83F30321280E22589B0036
:1035DC0001FA03F322EA030295FAA5F3B3FA83F393
:1035EC009B00994011432150012247E0C6F306206D
:1035FC00B8F1030F0AD801A353F828F01B360008C2
:10360C00F53500087F360008A1360008FEE7FFF705
:10361C0089FE082229462046FFF780FF95FAA5F27D
:10362C002B0EB2FA82F2E1580F2392009340C6F3AC
:10363C0001160B4095FAA5F272BB012E45D0022E55
:10364C0057D0354B9A6942F001029A619B6903F09D
:10365C0001030193019BA7F10D03012B4DD82F4AB8
:10366C00536823F0E06343F08063536002B0BDE81D
:10367C00F0817F2801D0FFF755FE0922294620460C
:10368C00FFF74CFF16F0080218BF04222946FFF77B
:10369C005BFFC3E70022BDE7B2FA82F2012E4FEACC
:1036AC00820223FA02F309D0022E1BD0082BC8D1B8
:1036BC00042229462046FFF731FFC2E7042B04D130
:1036CC00082229462046FFF729FF01232A0A92FAED
:1036DC00A2F2B2FA82F2E168934021EA15210B437F
:1036EC00E360AEE7042B04D1082229462046FFF7FD
:1036FC0015FFE36823EA1523F2E70F2F02D0133FDF
:10370C00012FB3D8054A536823F0E06343F00073EC
:10371C00ABE700BF94B0000800100240000001406D
:10372C00431C06D17047834202D18968FFF732BF30
:10373C000C310B685A1CF6D1FEE70B685A1C01D1F0
:10374C0000207047834201D1486870470C31F4E780
:10375C00431C01D0FFF7F1BF002070474B6813B931
:10376C004FF0FF307047834201D1086870470C312D
:10377C00F4E708B1FFF7F2BF4FF0FF307047034694
:10378C008B42084604D01BB100290CBF1846002000
:10379C00704700000F4B1A6842F001021A6059681A
:1037AC000D4A0A405A601A6822F0847222F4803260
:1037BC001A601A6822F480221A605A6822F4FE02F7
:1037CC005A604FF41F029A604FF00062034B9A60EC
:1037DC00704700BF001002400000FFF800ED00E051
:1037EC000438704703681D4A84B093420BD11C4BBC
:1037FC009A6942F400629A619B6903F40063009336
:10380C00009B04B07047B3F1804F0BD103F5043328
:10381C00DA6942F00102DA61DB6903F0010301931A
:10382C00019BEEE70F4A93420AD10D4BDA6942F045
:10383C000202DA61DB6903F002030293029BE0E708
:10384C00094A9342DDD1064BDA6942F00402DA618F
:10385C00DB6903F004030393039BD2E7002C0140C4
:10386C000010024000040040000800400368124AA7
:10387C00934206D102F56442936923F40063936189
:10388C007047B3F1804F05D10C4AD36923F0010383
:10389C00D36170470A4A934205D102F50332D369CA
:1038AC0023F00203F4E7074A9342F2D102F5023205
:1038BC00D36923F00403EBE7002C01400010024015
:1038CC000004004000080040431C10D00C4B9842F0
:1038DC0010D007D8B0F1804F0ED0A3F5806398427A
:1038EC000CD0FEE7074B9842FBD1192070476FF0C4
:1038FC000D0070471E2070471C2070471D2070471C
:10390C0000080040002C0140431C10D00C4B984286
:10391C0010D007D8B0F1804F0ED0A3F58063984239
:10392C000CD0FEE7074B9842FBD11B2070476FF081
:10393C000D0070471E2070471C2070471D207047DB
:10394C0000080040002C014038B50446FFF74AFF40
:10395C000068FFF7B9FFD4E91212FDF7E1FB20680C
:10396C00FFF7B2FFFDF70CFC22681046FFF7CCFF07
:10397C0005461046FFF7A8FF85420BD0D4E912127A
:10398C002846FDF7CDFB2068FFF7BEFFBDE83840A9
:10399C00FDF7F6BB38BD10B50446FFF767FF0068AE
:1039AC00FFF792FFFDF7FAFB2068FFF7ADFFBDE8CC
:1039BC001040FDF7F3BB0000431C0CD0094B9842A0
:1039CC000BD007D820F48063B3F1804F07D0064B9F
:1039DC00984204D0FEE70020704702207047012077
:1039EC00704700BF002C0140000800402DE9F04F4B
:1039FC008B4692469946044685B018B9002005B00E
:103A0C00BDE8F08F6249406DFFF7A2FE61490646A2
:103A1C00A06DFFF79DFE60490746E06DFFF798FE2D
:103A2C005E490546206EFFF793FE8046002EE5D0DA
:103A3C00A36D013301D0002FE0D0E36D013301D031
:103A4C00002DDBD0236E013302D0B8F1000FD5D09E
:103A5C0039463046FFF793FE0146206010B9FFF758
:103A6C008EFE206029462068FFF789FE41462060C3
:103A7C00FFF785FE20600028C0D0494B984252D1F8
:103A8C0003F55843DA6842F48042DA60DA6822F4CB
:103A9C008042DA609A6942F480429A619B69002202
:103AAC0003F480430193019B25233949606D84F80D
:103ABC00652084F86430FFF733FE1FB13549A06DE3
:103ACC00FFF72EFE2DB13449E06DFFF729FE4FF4C0
:103ADC008075B8F1000F05D03049206E45F40075A3
:103AEC00FFF71EFE94F865202E4B261D43F822602E
:103AFC0023680022C4E9013B0E9B94F96400C4E9DD
:103B0C0004390C230121C4E90635C4F80CA0226247
:103B1C00FDF706FB3046002F37D1FEF7CBFBB0FA92
:103B2C0080F040096BE7204B984215D103F5E63342
:103B3C001A6942F400321A611A6922F400321A61CD
:103B4C00DA6942F40032DA61DB69012203F40033F2
:103B5C000293029B2623A8E7144B98427FF44EAFA6
:103B6C00134E0222336943F480233361336923F407
:103B7C0080233361F36943F48023F361F36903F425
:103B8C0080230393039B27238FE7FEF764FBC6E791
:103B9C0040AD000804AD0008C8AC00088CAC0008AF
:103BAC000038014040030020004400400048004021
:103BBC00001002401FB50A4B0A49DC6A2046FFF789
:103BCC00C7FD002350B108481A4644654FF41651FE
:103BDC00CDE90233CDE90033FFF708FF04B010BD87
:103BEC00A8AF000840AD00082800002008B5074B1E
:103BFC0090F8652053F82200FEF7F6FD00F0220045
:103C0C00A0F122035842584108BD00BF40030020D8
:103C1C0008B5074B90F8652053F82200FEF7E4FD39
:103C2C0000F02100A0F121035842584108BD00BF0B
:103C3C00400300202DE9F04706460C46FDF758FAE4
:103C4C00284D074695F86530022B13D895F865205A
:103C5C00254B53F82250A5F104084046FFF7D8FF36
:103C6C00C0BB4FF47A7331462846A2B2FEF755FB1F
:103C7C0040B908E01D4B1E49D3F82C804046FFF795
:103C8C0067FD08BB00242046BDE8F0875AF82330B6
:103C9C0043B995F865300133DBB2022B85F86530FA
:103CAC00F4D90CE049464046FFF752FD95F86520E3
:103CBC005AF822301B688342EBD1022AC6D9FFF78F
:103CCC0079FF0028C2D1DDE70023DFF81CA0DFF864
:103CDC002090E2E7FDF70CFAC01BB0F57A7FBCD35D
:103CEC00D0E700BF2800002040030020A8AF000848
:103CFC0040AD000870B50E46054610B94FF0FF30C8
:103D0C0070BDFFF773FF04460028F7D1294611F860
:103D1C00663F0122337095F86500034B53F8200081
:103D2C00FEF781FD2046EBE74003002038B50D4639
:103D3C000446B8B1FFF75AFFA0B994F96400E564E2
:103D4C00FDF72CFA94F86500074B04F1660153F863
:103D5C0020000122FEF767FD94F96400BDE83840AD
:103D6C00FDF70EBA38BD00BF4003002038B515462C
:103D7C000446B8B1016590F96400FDF70FFAB4F888
:103D8C007630E16E9BB294F865001944064BAAB2EA
:103D9C0053F82000FEF70FFB94F96400BDE838409F
:103DAC00FDF7EEB938BD00BF4003002048B1836D6C
:103DBC00013306D190F86520024B53F82200FEF730
:103DCC00E3BC70474003002048B1836D013306D13A
:103DDC0090F86520024B53F82200FEF7EDBC7047BB
:103DEC0040030020836C04381847C36C0438184710
:103DFC0030B5044650F8043985B01D6815F001053E
:103E0C0012D0002200921A6800925B680093009B0B
:103E1C00FFF7ECFE40BB0122204604F1620105B025
:103E2C00BDE83040FEF7FFBC196811F0020106D066
:103E3C0001951A6801925B680193019BE8E71A6887
:103E4C0012F0040206D002911A6802925B68029387
:103E5C00029BDDE719680907DAD503921A68039209
:103E6C005B680393039BD3E705B030BD08B52520F1
:103E7C00FDF7BAF9024B1868BDE80840FEF718BB0D
:103E8C0040030020262008B5FDF7AEF9034B586817
:103E9C0018B1BDE80840FEF70BBB08BD400300207D
:103EAC00272008B5FDF7A0F9034B986818B1BDE8B9
:103EBC000840FEF7FDBA08BD4003002003460A493E
:103ECC0010B508680344EFF30882934205D90C221D
:103EDC004FF0FF30054B1A6010BD054A054C121B04
:103EEC009342F4D20B60F7E7A4000020640A002090
:103EFC0000500020000400004FF0FF3070474FF4DA
:103F0C00005300204B607047012070470020704721
:103F1C0000207047FEE700001622024B4FF0FF30E6
:103F2C001A607047640A002001207047002210B507
:103F3C00074B1C68844202D15C688C4206D001326B
:103F4C00282A03F10803F4D1002010BD0120FCE75E
:103F5C005403002010B5084C084A237842F833006B
:103F6C0002EBC302516028220133B3FBF2F102FBD6
:103F7C001133237010BD00BF5003002054030020E8
:103F8C00012310B50C4603FA00F0FCF78DFD214619
:103F9C00FCF796FE0449FCF7DFFD0449FCF7D4FC62
:103FAC00FCF7DCFF10BD00BF000020403333F340B2
:103FBC0007B50B49FCF7D0FDFCF7AAFF08234FF41B
:103FCC007A7200930749032305F069F80828A8BF03
:103FDC0008200328B8BF0320C0B203B05DF804FB6F
:103FEC000000C84230F8FFFF10B50C46FFF7E0FFA9
:103FFC0001218140002005F048F8604310BD00000D
:10400C0030B501211F2087B005F08CF80424002165
:10401C001F2005F0E5F8962005F0BEF901211F20C0
:10402C0005F0DEF8013C962005F0B6F914F0FF041B
:10403C00EDD121461F2005F0D3F806224FF4E131D3
:10404C00474804F0ADFC4FF4FA6005F0A5F944487C
:10405C0004F02EFD4349424804F03CFD424A434DD6
:10406C00D2F8EC17D2F8E837D2F8F0274B4053408F
:10407C003F493B482B7004F013FD10222978384837
:10408C0004F091FD3B4B1022049314232B21CDE91A
:10409C00023205230594CDE90031374A0B23374909
:1040AC00374800F0B9FE044688B136492C4804F074
:1040BC00F7FC21460A222A4804F05EFD32492848C2
:1040CC0004F008FD4FF47A7005F066F9FAE7012167
:1040DC0041F2210341F60F520091294803F01EFED4
:1040EC00C022C121264803F0F4FE23490B20FFF720
:1040FC0047FF264C26492060194804F0D1FC0A22BF
:10410C002168174804F042FD2249154804F0E2FCEE
:10411C001B4801F08BF8044698B11F49104804F075
:10412C00BFFC0A2221460E4804F026FD0E4BD3F8A4
:10413C00E84705F02DF9604007B0BDE8304004F0C9
:10414C0095BF1649064804F0ABFC03220B49044802
:10415C0004F0C4FD1249024804F0BCFCE6E700BFC1
:10416C007C070020ECB0000800F0FF1F9404002036
:10417C0031B10008CDCCCC3F00007A4300F8654447
:10418C009405002060B1000882B100084C030020A7
:10419C00BDB10008D3B10008D7B1000804B20008C3
:1041AC0010B200082DE9F04F01218A4887B004F0C5
:1041BC0018F90128044640F009810146854804F0AD
:1041CC0025F92146834801F02BFEA0F11003EF2BBB
:1041DC00054605D97F4807B0BDE8F04F01F026B879
:1041EC0002467D497B4801F0CBFD0446794801F03D
:1041FC004FFB0746774801F09BFD0190754801F095
:10420C0015F8754B002C40F0E1801A4602AE03F114
:10421C00100C344610685168083203C462452646B7
:10422C00F7D1D3F804806D496D481C7BD3F800B0EE
:10423C00D3F8089093F80DA004F032FC10224146FC
:10424C00674804F0A3FC6749654804F029FC102278
:10425C005946634804F09AFC6349614804F020FC19
:10426C00102249465E4804F091FC04F007065F49B1
:10427C005B4804F015FC0A223146594804F091FCC5
:10428C005B49574804F00CFC0A226109544804F0BD
:10429C0088FC5849524804F003FC102251465048FF
:1042AC0004F07FFC54494E4804F0FAFB02223946D4
:1042BC004B4804F013FD5149494804F0F1FB02222C
:1042CC000199474804F00AFD4D49454804F0E8FBC4
:1042DC000A222946424804F04FFC36B94949404865
:1042EC0007B0BDE8F04F04F0F5BB49464046FFF778
:1042FC001DFE08B14449F2E74046FFF72BFE434B45
:10430C0038461968FFF770FE07464149344804F0F7
:10431C00C7FB0A223946324804F038FC3D49304884
:10432C0004F0D8FB384605F037F83B4B013E1B78C0
:10433C0024F007043443284A8DF814408DF81730C4
:10434C0002AC06AE234603CBB342106051601C4650
:10435C0002F10802F6D11F4802F055FE01211F2080
:10436C0004F03EFF00232A461B491A4803F0D4FFF1
:10437C00044648B129491A4804F092FB0A22214606
:10438C00174804F0F9FB25E705F002F80446114D37
:10439C0004F0FEFF031BB3F5FA6F01D320490DE0C7
:1043AC000021284604F01DF80128F1D1002109480C
:1043BC0004F02CF8074801F000FA1A49084804F0F8
:1043CC0089FB00211F2004F00BFF03E707B0BDE8B9
:1043DC00F08F00BF94050020950400202CB200083B
:1043EC007C07002037B200083EB2000845B2000836
:1043FC004BB200084DB2000854B200085AB2000883
:10440C0061B2000867B2000889B200084C030020B2
:10441C00AAB20008D3B1000894040020C2B200086C
:10442C0003B30008EDB2000813B54820FEF7F9FC01
:10443C00C223044600934FF0FF32C323C42100F083
:10444C0009F82146024802B0BDE8104000F06EBEEB
:10445C00940500202DE9F843154E4FF0000C05464D
:10446C00374604469E46894690460FCF45F804CB06
:10447C000FC597E80700089B85E8070004F1300793
:10448C0006F11C05C4F828E0E362C4E908980FCDD6
:10449C000FC72B6830203B60C4F844C0FEF7C1FC4A
:1044AC00054600F095FC20462560BDE8F88300BF6A
:1044BC0004AB000810B50446006803685B6C9847B1
:1044CC002068216A036882689B6898472068216A83
:1044DC0003680269DB689847004B10BD0801002097
:1044EC00006803689B6C18472DE9F74F9B460C9BA3
:1044FC00057C0193437CDDF83490ED0805EBD30586
:10450C004D440446284688469246FEF78CFC0646E7
:10451C002846FEF788FC0746207C5FFA88F30828BB
:10452C0094BF304630465FFA8AF193BF0B4343EA9F
:10453C001A2300F8023B00F8013B638988BF7170B5
:10454C0043454A4631D1594605F097FD206803682A
:10455C005B6B98472068216A0368C268DB689847E0
:10456C0020682A4603683146D3F838B03B46D84712
:10457C002068216A03680269DB6898472068036831
:10458C00DB6B98472389434506D1217C4A46019829
:10459C0007EBD10105F071FD3046FEF746FC3846BD
:1045AC0003B0BDE8F04FFEF740BCA18905F089FCD3
:1045BC00CCE72DE9F84FDDF8308004460E46154661
:1045CC0099469DF834B002EB080A13B9837C0AEBC8
:1045DC00D30A5046FEF727FC07462A46314605F01B
:1045EC004CFD7819B9F1000F55D042460A9905F0E7
:1045FC0044FDBBF1000F07D0E26A2068013203686A
:10460C0050D13221DB6998475046FEF70CFC064628
:10461C00206803685B6B98472068216A0368C2684E
:10462C00DB68984720685246036839469B6B9C466A
:10463C003346E0472068216A03680269DB689847C3
:10464C0020680368DB6B9847BBF1000F07D0E26A68
:10465C0020680132036843D10121DB699847636903
:10466C00002B5CD0B8F1000F5BD0E27CB05C9847BB
:10467C008246B9F1000F07D1A37C424605EBD3016A
:10468C000B98314405F0F9FC3846FEF7CEFB30466A
:10469C00FEF7CBFB21E0A27CA18908EBD20205F04E
:1046AC0010FCA6E75B6A984706462068E16A036837
:1046BC001B6998470028A7D0206803685B6D984752
:1046CC00206803685B6A9847E369801B9842ECD3C7
:1046DC003846FEF7AAFB6FF4307A5046BDE8F88FE7
:1046EC0001211B6A9847206803685B6A98478246D9
:1046FC002068E16A03681B6998470028AFD02068DE
:10470C0003685B6D9847206803685B6A9847E369A8
:10471C00A0EB0A009842EBD36FF4307AA9E79A46E3
:10472C00A7E7C246A5E7F0B51E46037905460F4636
:10473C0087B03BB9CDE900620A460189FFF7D4FE88
:10474C0007B0F0BD04AB194690F9114090F811C0B8
:10475C00002CB8BF0734E410013C64B2E000002C1C
:10476C0012DA2C7CE408601E40B2B0F1FF3F15D188
:10477C000123CDE90223002328460196009304EB84
:10478C00DC02FFF716FFDBE7B5F808E0013C4EFA58
:10479C0000FE03F801EB64B20838E0E74FEAC00E04
:1047AC0027FA0EFE03F801EB0138DDE70023F0B524
:1047BC0089B08DF81730037904460A465BB901219C
:1047CC0001910DF1170100910189FFF78DFE9DF804
:1047DC00170009B0F0BD90F91130467C06A80146CF
:1047EC00002BB8BF0733DB10013B5BB2DD00002BA5
:1047FC0013DA257CED086B1E5BB25F1C15D101230F
:10480C00CDE902330DF117030193002320460093E9
:10481C0005EBD602FFF7CDFED9E72789013B2F41E7
:10482C0000F8017B5BB2083DE1E7DF0022FA07F7F5
:10483C0000F8017B013BDFE7F0B516461A46037919
:10484C0005460F4687B043B9CDE900320A463346D8
:10485C004189FFF749FE07B0F0BD04AB194690F94A
:10486C00114090F811C0002CB8BF0734E410013C83
:10487C0064B2E000002C12DA2C7CE408601E40B21A
:10488C00B0F1FF3F15D10123CDE9022300222846C8
:10489C00CDE9006204EBDC02FFF78BFEDBE7B5F839
:1048AC000AE0013C4EFA00FE03F801EB64B2083852
:1048BC00E0E74FEAC00E27FA0EFE03F801EB0138D1
:1048CC00DDE7F0B5037989B004460D468DF8172065
:1048DC0053B90122CDE900320A460DF11703418983
:1048EC00FFF702FE09B0F0BD90F91130467C06A826
:1048FC000146002BB8BF0733DB10013B5BB2DA007B
:10490C00002B13DA227CD208531E5BB25F1C15D12C
:10491C000020012301900DF117000090CDE9023326
:10492C00204602EBD602FFF744FEDBE76789013B2A
:10493C00174100F8017B5BB2083AE1E7DF0025FA8A
:10494C0007F700F8017B013BDFE72DE9F0479DF805
:10495C0020A01C4643EA0A03072B05460E46904648
:10496C009DF828709DF82C9042D8544540D3FFF701
:10497C001DFFFF22631CDBB2CAF1080A02FA03F323
:10498C0042FA0AF21343DB4380EA0802DBB2134219
:10499C0005D1B9F1000F02D10020BDE8F08720EA63
:1049AC00030403EA08031C43E4B2224631462846BA
:1049BC00FFF787FF286803689B6A98474FF47A7360
:1049CC0081469DF8248003FB08F8286803689B6ADD
:1049DC009847A0EB0903434502D36FF00F00DCE7C7
:1049EC0031462846FFF7E2FE60400742EDD1D3E79F
:1049FC006FF00A00D1E77FB59DF82460044603965A
:104A0C00089E9DF82850CDE9013600230093FFF74E
:104A1C00D0FD38B935B1A36923B1204604B0BDE847
:104A2C007040184704B070BDF0B587B005AD0F46A7
:104A3C00294690F9114090F811C0002CB8BF0734EA
:104A4C00E410013C64B2E600002C0DDA9DF8344011
:104A5C0002949DF83040CDE9003413464FEADC0255
:104A6C00FFF7C9FF07B0F0BD47FA06FE013C05F899
:104A7C0001EB64B2083EE7E77FB59DF8246004467D
:104A8C000396089E9DF8285002960026CDE9003624
:104A9C000123FFF78EFD38B935B1A36923B1204648
:104AAC0004B0BDE87040184704B070BDF0B587B0D5
:104ABC0005AD0F46294690F9114090F811C0002C15
:104ACC00B8BF0734E410013C64B2E600002C0DDAE8
:104ADC009DF8344002949DF83040CDE900341346E3
:104AEC004FEADC02FFF7C8FF07B0F0BD47FA06FE3D
:104AFC00013C05F801EB64B2083EE7E7002370B512
:104B0C0086B00446427C8DF8133090F9113005A81C
:104B1C000146002BB8BF0733DB10013B5BB2DD0055
:104B2C00002B16DA0123CDE902330DF113030193A7
:104B3C00002320460093D208FFF73BFD054628B919
:104B4C0063691BB19DF813009847E080284606B0B6
:104B5C0070BDE689013B2E4100F8016B5BB2083D4C
:104B6C00DEE70B4670B5054601F11404303053F8FE
:104B7C00046BA34240F8046BF9D16A640E1F01F177
:104B8C001004286856F8041F036882689B689847CD
:104B9C00A642F6D170BD00004FF0FF3310B586B0C1
:104BAC00CDE901120C49CDE9033305930B68DB0702
:104BBC000BD40468094BE2682469C3E90122C3E9F8
:104BCC000742C3E90D2401230B60044A01A9FFF736
:104BDC00C8FF06B010BD00BF5C070020A800002075
:104BEC00406C18B970478B4204D018300378002BF6
:104BFC00F9D118467047F8B50546FFF7F1FF88B1B3
:104C0C00041D05F12C0605F1400756F8041F002978
:104C1C0004DB286822680368DB689847BE4204F10D
:104C2C000404F2D1F8BD0000064B074A1B68074884
:104C3C00B3FBF2F34B4310B544684268121B93422A
:104C4C00FBDC10BD2400002040420F00001000E0EF
:104C5C00CBB2222B09D80F4A01F4E06052F8233072
:104C6C001843431C18BF0846704701F0C002C02A05
:104C7C000CD1C92B0AD8084B01F03F0253F8222063
:104C8C00044B01F4E06053F82230E9E74FF0FF30B9
:104C9C00704700BFA8AF000880AF0008704790F8BD
:104CAC002C2008B512B103681B6B9847BDE808406F
:104CBC00FEF794B90021006A04F026BC006A04F0E7
:104CCC005CBCF8B507460C465D1E8E18B44200D18C
:104CDC00F8BD002214F8011B386A04F050FC05F8EA
:104CEC00010FF3E704F0E5B94B1C084603D0002193
:104CFC00C0B204F0E1B87047084611461A46431C8E
:104D0C0002D0C0B204F058B87047006A04F034BC4A
:104D1C00D0E90912006A04F00DBC084611461A4687
:104D2C00431C01D004F0D4BA0020704704F032BB0D
:104D3C0004F02EBB084604F02FBB4B1C084601D0D8
:104D4C0004F0FCB8704700001FB5084611461A461F
:104D5C00431C13D00024CDE90044CDE9024421B119
:104D6C00074B00910393074B0293694604F016F925
:104D7C00029B1BB1694603220846984704B010BD3C
:104D8C0069300008493000084B1C084601D004F07B
:104D9C0061BA002070470846431C114601D004F04C
:104DAC001FBA70470846431C114601D004F0BAB92B
:104DBC00704710B504463021FEF739F8204610BD77
:104DCC0090F82C2012B103681B6C18477047000038
:104DDC000423032230B585B00125CDE9013200232F
:104DEC00044619462A46009503F03EFC074B204624
:104DFC002360074B25852362064B84F82C50636295
:104E0C00002384F82A3005B030BD00BF38B3000849
:104E1C00AC08002080841E00F0B585B06D460446B9
:104E2C008C4617461E46144B0FCB85E80F009DF899
:104E3C00283029468DF809309DF82C3020468DF805
:104E4C000A309DF93030CDF800C08DF80B30BDF82C
:104E5C0034300197ADF80C300E9B8DF80860C4F817
:104E6C0050319DF83C3084F854312368D3F8F0303D
:104E7C00984705B0F0BD00BF34AB0008F0B506464E
:104E8C008E4694461F4687B0114D01AC0FCD0FC412
:104E9C002B68304623600C9BCDF804E004939DF9FD
:104EAC003430CDF808C08DF81430BDF83830039785
:104EBC00ADF816300F9B01A9C6F850319DF8403063
:104ECC0086F854313368D3F8F830984707B0F0BD02
:104EDC0044AB0008F0B504460F46164685B00C4AA4
:104EEC0001AD07CA85E807008DF80C300A9B2946EE
:104EFC00C4F850319DF82C30204684F85431236886
:104F0C000197D3F800310296984705B0F0BD00BF69
:104F1C0058AB000813B58DF805309DF81030009192
:104F2C008DF806309DF9143069468DF80730069BD4
:104F3C008DF80420C0F850319DF81C3080F85431A5
:104F4C000368D3F80831984702B010BD4AB116294E
:104F5C000B466FF00800A8BF16238342B8BF034668
:104F6C0013700931C9B21F298CBF6FF00C000020DF
:104F7C007047000010B5012986B006D002292BD04D
:104F8C00C9B16FF0130006B010BD00220368059282
:104F9C00194A4FF0080C04920A224FF0120ECDE978
:104FAC00022C0722CDE9002E1449D3F8F440144A00
:104FBC000923A047E7E7104A0368102403920A224A
:104FCC00CDE901240F4A04910092D3F8FC400E4A1B
:104FDC000E4B0A49A047D6E7002302680393064B01
:104FEC000A2102930123CDE900310449D2F80C4186
:104FFC000622A047C7E700BFCDCCCC3F0000D94369
:10500C000000FA4233331C439A9999400000A040A7
:10501C00704770B58B890D468A7A497A044601F03F
:10502C00DDFA00BB23682046D3F8E830297A98478C
:10503C00C8B923682046D3F8E4306968984790B91A
:10504C0023682046DB6B2968984760B9012120460C
:10505C0001F004F938B92368204695F90B105B6D03
:10506C00BDE87040184770BD37B54B8A0C460093AD
:10507C00CB688A684968054601F004FB98B92B682F
:10508C002846DB6B2168984768B90121284601F056
:10509C00E5F840B928462B6894F910105B6D03B005
:1050AC00BDE83040184703B030BD70B50C464968B8
:1050BC00054601F057FB90B92B682846DB6B21683D
:1050CC00984760B90121284601F0C8F838B92B6817
:1050DC00284694F908105B6DBDE87040184770BD08
:1050EC0070B58B790D464A790979044601F04EFB6F
:1050FC0090B923682046DB6B2968984760B9012179
:10510C00204601F0ABF838B92368204695F9071012
:10511C005B6DBDE87040184770BD10B504464FF488
:10512C00E471FDF784FE204610BD000010B5044666
:10513C0000F068FC034B20462360034BC4F8583145
:10514C0010BD00BFA8B3000898B3000870B50C469A
:10515C000546144920461646FBF7B0FEF0B1204632
:10516C001149FBF7A1FEC8B12EB121462846BDE876
:10517C00704002F0EFBFD5F860112046FBF7E2FB60
:10518C000A4920F00040FBF799FE0028EDD021469B
:10519C00284600F07AFE0028E7D070BD6FF00B00B7
:1051AC00FBE700BF00001643000070440000A04164
:1051BC000022FFF7CBBF0000036873B59B6D16464A
:1051CC00002205460C46984790B99EB10B4B04F152
:1051DC00090203EB420113F8123091F9014003F07C
:1051EC000F021B09002128460091214602F05CFFAA
:1051FC0002B070BD04220723F4E700BFB8B4000866
:10520C000122FFF7D9BF000030B585B005466C46CA
:10521C00054B0FCB84E80F002B6821462846D3F8AA
:10522C00A030984705B030BD64AB0008002213B520
:10523C0003680092DC6940F2722202236FF07F4116
:10524C00A04702B010BD000030B585B005466C46D5
:10525C00054B0FCB84E80F002B6821462846D3F86A
:10526C009430984705B030BD64AB000882B02DE98E
:10527C00F041012906A880E80C000B9C9DF82660E3
:10528C009DF8277009D0022975D000294BD06FF0FA
:10529C001300BDE8F04102B0704742F210709DF867
:1052AC00188000FA08F0FBF7FFFB514905460798F8
:1052BC00FBF752FC01462846FBF702FDFBF74EFEBE
:1052CC00A8F10503DBB2012B9DF8283005468BBFF6
:1052DC0008210021112019200BBB4FEA8803002E56
:1052EC000CBF1426002604EB4707C8EB470201EB62
:1052FC008201DBB2314409B25A1E0029A8BF5218F0
:10530C0092FBF3F3BDF824209DF820109BB20832D9
:10531C0001FB032300EB830068438008B9E7A8F185
:10532C0002039B00DBE7F800FBF7C2FB05463046A7
:10533C00FBF7BEFB01462846FBF706FB0546BDF80E
:10534C002400FBF7B5FB01462846FBF7FDFA0546A2
:10535C00E000FBF7A9FB01462846FBF7F5FA2549C7
:10536C0004460698FBF7ACFC01462046FBF7A8FC6C
:10537C00FBF7F4FD8DE79DF81930032B34D8DFE8EB
:10538C0003F002282D300623052263430433B3FBBC
:10539C00F2F39CB23022B4FBF2F302FB134403EBA6
:1053AC00830000EB80004000A4B280B214B1023440
:1053BC00204480B29DF82430C3EBC30203EBC2033C
:1053CC0000EB43000C4B80B25843FBF76DFB0B49D1
:1053DC00CCE704EB4404C4F34F04DBE76400A4B251
:1053EC00D8E704EB4404FAE76FF0090051E700BF7B
:1053FC000000204100007A4400127A001D24F4437E
:10540C0008B50846FBF750FB0249FBF759FCFBF7C4
:10541C00A5FD08BD00007A41036889B2D3F8EC30D1
:10542C0018470368D3F8DC301847D0F86801704788
:10543C0000F00E03062B0BD0082B0CD00A2B0CD033
:10544C000138C0B2FD288CBF6FF0010000207047FE
:10545C006FF430707047024870470248704700BFC5
:10546C003EFDFFFF3DFDFFFF704700002DE9F042C0
:10547C008AB004460F4601F0EBFE00230DF11C0927
:10548C00012805AE0546C9E9013307930593B3809E
:10549C003DD194F86D31042B35D80433DBB28DF843
:1054AC00243094F86C318DF81C30D4F87431089396
:1054BC00B4F87231ADF8143094F86F31003B18BF6A
:1054CC0001238DF8173094F87031591E4B424B4123
:1054DC008DF8163094F86E31003B18BF01238DF80F
:1054EC001830099B039796E8030000930190ADF8E0
:1054FC0008102168204699E80C008E6F2946B047A9
:10550C000AB0BDE8F082072B08BF0823C7E730BB01
:10551C00D4F87C01FBF7C8FA01462148FBF7D0FB15
:10552C000790D4F88001FBF7BFFA94F88731089004
:10553C0013F0FB0F11D0022B03D09A1F534253418F
:10554C005B00B4F88C218DF81730ADF8142094F86A
:10555C0088218DF816200025C3E70123F1E70328E5
:10556C000ED1B4F8A83102255BBAADF81C3094F812
:10557C00AF318DF81E3094F8AA318DF81430B0E7A5
:10558C00022809D1D4F87C01FBF78EFA01460448B5
:10559C00FBF796FB0790DEE76FF01300B0E700BF58
:1055AC0000007A4910B50C4659B101F051FE0128A2
:1055BC0002D0032803D038B92070002010BD02207F
:1055CC00FAE76FF00200F9E76FF01300F6E708B5A1
:1055DC000221D0F86801FFF70EFB4FF0FF3008BD39
:1055EC0037B50D46044690F86411D0F86801FFF702
:1055FC0002FB5DB90123CDE900330023D1211A460A
:10560C00D4F86801FFF752FA03B030BD29462046A2
:10561C0001F000FE0028EDD0F6E7002307B58AB2B2
:10562C001146009301F0C8FD03B05DF804FB1FB5F3
:10563C000023ADF80C300123CDE9003312210223F5
:10564C0003AAD0F86801FFF7EFF9BDF80C0040BAD7
:10565C0080B205B05DF804FB2DE9F0410024FF2772
:10566C000226054686B0CDE90274CDE900462346F4
:10567C00224640F6E201D0F86801FFF766F9CDE961
:10568C000274CDE900462346224640F6E501D5F8E2
:10569C006801FFF75AF96FF07F41284601F0D1FC01
:1056AC00D5F868310A211868274603682646DB6955
:1056BC009847012340F6190128460DF117028DF881
:1056CC00176001F042FD9DF8170000F00100A040AA
:1056DC0001343843082CC7B2EBD102244FF0FF0839
:1056EC002B6828461B699847CDE90148039600961C
:1056FC000023012240F6E201D5F86801FFF725F9F5
:10570C00CDE90286CDE900640023012240F6E501D3
:10571C00D5F86801FFF719F9384606B0BDE8F081F5
:10572C0090F8381038B50229044605D0032911D059
:10573C006FF01805284638BDD0F86801FFF75BFA02
:10574C002046D4F8A41101F07CFC0546002384F813
:10575C003830EFE790F86411D0F86801FFF74BFA96
:10576C000021204601F057FC05460028E2D1D4F870
:10577C0068311868D96A0268126990470028E5D028
:10578C00D4F86831186803685B6D9847EFE7D0F878
:10579C00683110B50446186803681B699847C1B294
:1057AC002046BDE8104002F03EBE10B504464FF452
:1057BC00E471FDF73CFB204610BD036810B544F2C4
:1057CC00FF31D3F8EC300446984728B923682046BB
:1057DC00BDE810401B69184710BD000010B5044609
:1057EC0001F036FD01280ED123682046D3F8843011
:1057FC009847C3050AD410F0800F14BF6FF00E0049
:10580C004FF0FF3010BD6FF01300FBE70048F9E7D5
:10581C0042FDFFFFF7B505460E4601F019FD0128C4
:10582C0033D12B6828461B699847044650BB02218C
:10583C00D5F86801FFF7DFF9B168284602F0BEFD24
:10584C00F1680746284602F0B9FD2346009482B25F
:10585C00B9B2284601F0B0FC044698B92B6844F262
:10586C00FF312846D3F8EC309847044650B973689A
:10587C0028460193F3780093B3787278317801F06D
:10588C00F7FB0446204603B0F0BD6FF01304F9E7B4
:10589C0010B5044601F0DCFC012812D1204601F0C1
:1058AC000FFE10F4004FC0F3072018BFA0F5807056
:1058BC00FAF778FD0022044BFAF7DEFDFAF7EEFF5B
:1058CC0010BD0248FCE700BF0000D03F0000A0C1A3
:1058DC002DE9F3411D46036804461B690F46164625
:1058EC009847002846D16DB92368002EDB6F14BF92
:1058FC003146FF21204698474FF47A7300EB800025
:10590C00B0FBF3F52846FBF7CFF82D49FBF724F94C
:10591C002C49FBF7D5F9FBF721FB002223680092F9
:10592C000146D3F81C8040F2722202232046C04765
:10593C0000BBD4F86831186803685B6A98478046E6
:10594C00D4F868311868596A026812699047A0B196
:10595C000025236820461B69984718B16FF43073F3
:10596C00984207D12368D5B123682046DB6A984753
:10597C006FF0050002B0BDE8F081D4F8683118680A
:10598C0003685B6D9847D4F86831186803685B6AE4
:10599C009847A0EB08008542D2D20125D9E7D3F86D
:1059AC00843020469847636B1842DDD13246394625
:1059BC00204623681B6B02B0BDE8F041184700BFBE
:1059CC0000007A4400007A41036810B5D3F8943093
:1059DC000446984730B110BDD4F868311868036894
:1059EC005B6D9847D4F868311868596A0268126977
:1059FC0090470028F0D023682046BDE81040D3F82B
:105A0C009830184738B504460D4602F0B3FC344ABA
:105A1C00344BC4F850210022C4F86021C4F874211E
:105A2C00C4F8902140F2016203200121236000237D
:105A3C00A4F8A8212C4AC4E95F33126984F84D31CB
:105A4C0084F85431C4F8583184F85C3184F864011A
:105A5C00C4F86C3184F87031A4F8723184F8781180
:105A6C00C4F88431A4F8883184F88A31A4F88C31D4
:105A7C00C4F89431A4F8983184F89A31C4F89C3164
:105A8C0084F8A031C4F8A43184F8AA01C4F8AB217D
:105A9C0084F8AF31C4E96C33C4E96F33A4F8B8317E
:105AAC00C4F8C431114B02226360FF23A3600423AA
:105ABC002161C4E90523082110232020C4E9071320
:105ACC004023C4F86851C4E9090380254FF480735E
:105ADC00C4E90B534FF400732046636338BD00BF19
:105AEC00CDCCCC3F00B5000864AB00080024743F5B
:105AFC0010B5032ABDF8084011D8092980F8A8214F
:105B0C0010D85A1E032A80F8A9110ED8B4F5007FBC
:105B1C0080F8AA310CD2A0F8B841002010BD6FF06B
:105B2C000900FBE76FF00700F8E76FF00A00F5E7F4
:105B3C006FF06900F2E770B504460D46D0F8683195
:105B4C001868996A026896688268B047D4F8683118
:105B5C001868996A0268D668C268B047D4F8683188
:105B6C00012118680368DB699847D4F86831186814
:105B7C00996A0268D6680269B047F5B1D4F8683101
:105B8C00186803685B6A98470646236820461B69B9
:105B9C009847054688B1D4F86831186803685B6A81
:105BAC009847801BB0F57A7F08D2D4F868310A2167
:105BBC0018680368DB699847E7E70025284670BD3D
:105BCC00036810B5D3F8843004469847430410D5C5
:105BDC00D4F8C411204601F00F0101F04BF950B973
:105BEC0023682046BDE8104044F2FF31D3F8EC3076
:105BFC0018476FF0040010BD2DE9F0479846036874
:105C0C0004461B690F4616469847002841D194F864
:105C1C006D31042B3FD9072E5BD994F86F31012BD2
:105C2C0039D1FD2E58D823683146DB6F2046984772
:105C3C0023680546D3F8249032464346394620461D
:105C4C00C84730BB4FF47A73204605EB8505B5FB8E
:105C5C00F3F501F0FDFAD4F86831064618680535FD
:105C6C0003685B6A98470746D4F86831186803687C
:105C7C005B6D9847D4F86831186803685B6A98477D
:105C8C00C01B854209D2236820469B6A98476FF057
:105C9C000400BDE8F087FF2EC4E7D4F8683118681B
:105CAC00596A0268126990470028DDD0032E2368D8
:105CBC0009D1D3F8843020469847C30703D4204633
:105CCC00FFF77EFFD0E723682046BDE8F0479B6ACC
:105CDC0018476FF01D00DCE76FF00300D9E70000F8
:105CEC001FB571B101F0ECFBC0B2FAF75BFB0022FF
:105CFC000E4B01F10041FAF7BFFBFAF7CFFD04B0F0
:105D0C0010BD0123CDE900338DF80F100DF10F02FA
:105D1C001521D0F86801FEF787FE9DF80F00FAF701
:105D2C00C3FE4FF03F41FAF717FFE8E70000E03FF2
:105D3C000121FFF7D5BF30B585B00546144601F0FB
:105D4C0087FA012808D195F87031012B04D11CB9C0
:105D5C00D5F89C0105B030BD0023ADF80C30012303
:105D6C00CDE9003313210223D5F8680103AAFEF70D
:105D7C005BFE14B19DF80D3023709DF80C00E9E723
:105D8C002DE9F3410546D0F868010F461646FEF79B
:105D9C00B5FE2B680446D3F88430284698476FF438
:105DAC0030739C4208D110F4007F18BF6FF00504CB
:105DBC00204602B0BDE8F081002CF9D143062CD46A
:105DCC0000F03000202814BF4FF000086FF00608D8
:105DDC000023012128460DF107028DF80730FFF74B
:105DEC00AAFF16B1B04228BF3046C2B23946284687
:105DFC009DF8073001F0CCF904460028D8D12B6867
:105E0C0044F2FF312846D3F8EC309847B8F1000F34
:105E1C000CBF04466FF00604CAE76FF00608D7E71C
:105E2C000022FFF788BF73B5054608464FF07E5138
:105E3C001646FAF787FD4FF07A51FAF78DFE03F00C
:105E4C00C5FDFBF78BF84FF07E51C4B23046FAF724
:105E5C007BFD4FF07A51FAF77FFE03F075FDFBF7EF
:105E6C007DF8E107C3B25CBF04F1FF34E4B2DA079A
:105E7C005CBF0133DBB2284601A98DF804408DF8D4
:105E8C00053001F0D7F902B070BD002373B505469B
:105E9C000846ADF804300C46FBF73AF8A0F286330E
:105EAC001A2B21D9A0F25F33072B28D9A0F20B3380
:105EBC00082B27D9A0F5EB73282B26D9A0F5D7737F
:105ECC000A2B25D94FF081412046FAF73DFD4FF0C2
:105EDC00814106462046FAF735FD324601462846F2
:105EEC00FFF7A1FF02B070BDE122E923284601A90A
:105EFC008DF804208DF8053001F09CF9F2E7D722DB
:105F0C00DB23F3E7C122C523F0E775228123EDE7FC
:105F1C006B226F23EAE70000002337B540F68901B6
:105F2C008DF807300DF107020123044601F00DF93D
:105F3C00E8B9204601F08CF901289DF8075018D1DA
:105F4C000D49D4F87401FAF7FDFC0C4920F000401F
:105F5C00FAF7AAFF68B105F0FB05012340F68901A9
:105F6C0020460DF107028DF8075001F0E7F803B059
:105F7C0030BD45F00405F0E70000FA436F12833A98
:105F8C002DE9F041022905460E461746C8B006D049
:105F9C0003297ED06FF0180048B0BDE8F08190F86E
:105FAC007031012B03D1D3680BB1C0F89C312B6835
:105FBC0028461B6998470028EED16FF07F433A685A
:105FCC0079689A4218BFBB6828461CBF43F400731B
:105FDC00BB6002F0F3F9B9680446284602F0EEF90A
:105FEC00002382B200932846A1B201F0E5F8002804
:105FFC00D2D102460146284601F041FA0028CBD105
:10600C002B6844F2FF312846D3F8EC30984700282F
:10601C00C2D1284601F01CF901281AD195F8A031FB
:10602C002846019395F87031009395F89C3195F8BA
:10603C006F21B5F8721101F0A7F93B68013304BF69
:10604C006FF07F433B603B68C5F8A43185F838603E
:10605C00A2E710B14FF0FF309EE795F88A01B5F832
:10606C008C1195F8842195F8873195F888C195F8AD
:10607C0089E160B995F89C41CDE903040020CDF885
:10608C0008E0CDE900C0284601F0A4F9D5E7FF24CB
:10609C00F2E75368FF2B00F2DE8001F0D9F80128FB
:1060AC00044616D195F8A0312846019395F8703125
:1060BC0000933B7995F86F21B5F8721101F064F9F2
:1060CC0000287FF469AF0023012240F201210093E4
:1060DC0038E0A8B93B79049395F88A31039395F885
:1060EC008931CDE9010395F888312846009395F85C
:1060FC00873195F88421B5F88C1101F06BF9DFE745
:10610C00022818D141F6705243F20F70D5F87C3149
:10611C007968642B4FEAC1039BB20093C9B240F279
:10612C00E14308BF134640F62F1208BF024628462B
:10613C0001F079F9C4E703288CD144F20102002361
:10614C0011460093284601F037F800287FF424AF5D
:10615C0002460146284601F092F900287FF41CAF54
:10616C00032C19D003463A792846396800F0FCFF15
:10617C0000287FF411AF2B6844F2FF312846D3F886
:10618C00EC30984700287FF407AF2846FFF7C4FE91
:10619C0000283FF45BAFFFE6284600F0BBFD00286B
:1061AC007FF4FAAE044695F8AA31C3F10403A34276
:1061BC004CDC0024FB22214609A8089403F081FE44
:1061CC0005F5E073C5E96F44C5F8C4410DF11C0831
:1061DC00029305F5DE73CDE900832846D7E900125A
:1061EC0008AB079400F01CFB00287FF4D5AE0346E7
:1061FC009DF81C20284608A900F0B6FF00287FF463
:10620C00CBAE01238DF81830079B40F285318DF809
:10621C001930D5F8C03128468DF81A3006AA032358
:10622C0000F08CFF00287FF4B7AE95F8C0710446DF
:10623C00102F28BF1027A7429DD92846E1B200F0A5
:10624C0019FE00287FF4A8AE0134F4E7284600F0CC
:10625C00F7FD0134A7E76FF003009DE6002337B587
:10626C000D468DF8073040F6D80101230DF10702D9
:10627C00044600F06AFF70B99DF807306DB143F029
:10628C001E038DF8073040F6D801012320460DF18E
:10629C00070200F053FF03B030BD23F01E0343F0A0
:1062AC000803EEE737B590F870310446012B02D0A5
:1062BC00002003B030BD00F0CBFF01280546F7D11C
:1062CC00002340F602118DF806300DF1060203464C
:1062DC00204600F033FF0028EBD18DF807002B4649
:1062EC0040F6441120460DF1070200F02EFF002865
:1062FC00DFD19DF8073040F6441143F002038DF8CE
:10630C00073020462B460DF1070200F017FFD0E7AF
:10631C00036810B51B690446984760B92046FFF71F
:10632C00C1FF40B923682046BDE8104044F2FF315C
:10633C00D3F8EC30184710BD002337B50D468DF857
:10634C00073040F2367101230DF10702044600F0CC
:10635C00FCFE88B99DF80730012D0CBF03F0FB0340
:10636C0043F004038DF8073040F2367101232046C8
:10637C000DF1070200F0E2FE03B030BDF0B585B0C0
:10638C00044600F065FF0246002877D1FF26D4F8BA
:10639C007C31D4F86801B3F5966F0392029609D15B
:1063AC0002210423CDE9003140F6B801FEF7CDFA05
:1063BC0005B0F0BD0225B3F5167F4FF00303CDE910
:1063CC0000354FF004032ED1182240F2D161FEF7B4
:1063DC00BCFA0028ECD10423CDE90260CDE90055CC
:1063EC001A4640F69B01D4F86801FEF7AEFA002875
:1063FC00DED10427CDE902600195009702463B46A9
:10640C0040F6B801D4F86801FEF79FFA0028CFD106
:10641C0006235022CDE90260CDE9007540F2AC6153
:10642C00D4F86801C2E7082240F2D161FEF78DFA78
:10643C000028BDD1CDE90260CDE900550246042308
:10644C0040F69B01D4F86801FEF77FFA0028AFD123
:10645C000427CDE90260019500973B46102240F6D7
:10646C00B801D4F86801FEF770FA0028A0D1062311
:10647C000246CDE90260CDE90075CFE7002097E731
:10648C00F0B505460F460A24002685B02B7B1BB1C0
:10649C0001212846FFF74FFB10224FF44871D5F825
:1064AC0068016B46CDE90066CDE90266FEF73BF963
:1064BC0006226946384603F00CFD10B9012005B0E0
:1064CC00F0BDD5F868310A211868013C0368DB6916
:1064DC00984714F0FF04D9D12046F0E770B5044674
:1064EC00D0F868010E46FDF7E5FFD4F8683118685E
:1064FC00596A026895684268A847D4F868311868E8
:10650C00D96A026895684268A8474FF40162D4F8CA
:10651C0068314FF440011A820122DA74D4F86831E0
:10652C002B481A712B4AC3E902015A612046D4F850
:10653C005811FFF7A5FF38B9D4F86801FDF7D0FF63
:10654C006FF00105284670BDD4F850510021284643
:10655C00FAF7BEFC68B93146204601F010FE05463C
:10656C0088B994F854316BBB2046BDE8704001F0FB
:10657C00A6BC294641F28832204601F0C9FC0546EA
:10658C000028E8D0DEE7236820461B6998472046A0
:10659C0000F0B8FF104B9D42D4D18306D2D5002118
:1065AC0041F288322046C4F8501101F0B1FC054686
:1065BC000028C7D13146204601F0E1FD05460028F0
:1065CC00CFD0BFE72046BDE8704001F075BC00BFDE
:1065DC001D000D003D5400083DFDFFFFF7B51D46A5
:1065EC00254B1646C0F87431062380F85C31002325
:1065FC00C0F8943180F87031FF23204A0F46A0F880
:10660C0072510121C0F86C21C0F89C310446FFF78F
:10661C0065FF70BB02463946204601F04EF840BB80
:10662C0044223146204601F075F810BB23682946F8
:10663C0020461B6E9847E0B92046114901F08AF8B4
:10664C00B8B90121204601F01DFD90B9012341F696
:10665C000F520093022141F22103204601F05EFB10
:10666C0038B90146204623681B6D03B0BDE8F040E5
:10667C00184703B0F0BD00BF0000FA430903000146
:10668C00000070422DE9FF4117461E4645F2553277
:10669C004CF6CC43C0E95F23304BBDF82850C0F812
:1066AC0090311A2380F8853140F209638846A0F8AE
:1066BC0086310021A0F88C510446FFF70FFF00280B
:1066CC0049D12368414620461B6C9847002842D18B
:1066DC002368394620465B6C984700283BD13146ED
:1066EC00204601F059FA002835D120461C4901F00A
:1066FC0031F880BB2368294620461B6E984750BB57
:10670C004AF61253ADF80C30236802222046DB6D9A
:10671C0003A99847F8B9236801469B6C2046984713
:10672C00C8B923680146DB6C2046984798B9FF210D
:10673C00204601F00BFD70B9012541F2210341F611
:10674C000F5202212046009501F0E8FA18B92946AB
:10675C00204601F097FC04B0BDE8F08133331C43B4
:10676C000000704238B50D4602210446FFF7B6FE14
:10677C0058B92368294620461B6C984728B92046EF
:10678C00BDE83840012101F07DBC38BD70B50D4627
:10679C0086B0032180F8AF3104461646FFF79EFE03
:1067AC0088BB20461C4900F0D5FF60BB0121204668
:1067BC0001F068FC38BB034602460146CDE90300F4
:1067CC00CDE901000090204600F004FED8B90B235F
:1067DC0084F88631236884F88501C4F880011B6C29
:1067EC0020460E49984770B9032E0ED8092D84F80F
:1067FC00A8610DD8032384F8AA314FF4807384F870
:10680C00A951A4F8B83106B070BD6FF00900FAE7D1
:10681C006FF00700F7E700BF000070420000FA3E7F
:10682C002DE9F04F834691461C460020FF22ADF522
:10683C00297D484540F0C9801023AE48002647F218
:10684C005B5703704FF6FF734A462146C0E901734C
:10685C00C66001F02EFEC0F3072304F8093004EBE8
:10686C000903587009F102034FF41772E6543146CC
:10687C0011A8059309AD109603F023FB03219E4844
:10688C002E6001F059FE09F10203DA00214610AB2B
:10689C0006329948009501F053FEFF2231462046FE
:1068AC0003F00FFB9BF8A871032F2DD0934B0CAA70
:1068BC0003F1080C164618685968083303C663457B
:1068CC003246F7D1186899889B79022FB37198BF1B
:1068DC008B4B3060B18098BF13F807C02B6888BF12
:1068EC004FF0000C029300234FF0010A1A46184691
:1068FC000DF13008029999427BD109920732214659
:10690C00D20810A803F0B9FB0022099B029393B2A2
:10691C005B4302981146834202F10102F7D3C1F3A3
:10692C004E028BB200215B009BB204939BF8AA3100
:10693C000692C3EBC30203EBC2038A460A465B0012
:10694C00BDF908509BB2002D74DC6FF071019BF8FF
:10695C00AA21002601FB023309939BF8AF319BF867
:10696C00A8219BF8A9119B0043EAC20343EAD10377
:10697C0043F002038DF82930BBF8B8315D4F1A098A
:10698C001B018DF82B30082342EA41128DF82A2086
:10699C003B702F22FF233546C7E901238DF8289041
:1069AC00FE609BF8AA11B14200F2AC80059B9BF8EB
:1069BC00A821DB0006339BB2032A00F27881DFE8C2
:1069CC0012F06A0172019D019F010B5C53401D0185
:1069DC0045EA13132354130983EA521383EAD203AF
:1069EC0003F0010383EAD2135200D2B21A430130EE
:1069FC001FE718F80010B9B110AFDE08BE5DDF4319
:106A0C00D5434FEAD20E07F0070714F80E1005F025
:106A1C0007053E41F6070AFA05F546BF2943C9B2F8
:106A2C00A94304F80E1001320130844508BF002040
:106A3C0001335FE7302D2846A8BF30200390D843A0
:106A4C004FF0010CDE08A75D00F007000CFA00F017
:106A5C0027EA000703EB0C00A755C710C04300F052
:106A6C0007000CFA00F04FF0000CE65D26EA000679
:106A7C00E6559F1CFE434FF0010E06F007060EFA7A
:106A8C0006F60DF140084FEAD20E18F80EE06FEA48
:106A9C000208F81008F0070807904EFA08FE205C70
:106AAC001EF0010F16BF3043B043C0B2FE10A0550C
:106ABC0004980244029892B290420BD8069A049819
:106ACC00524492B290429FBF013189B20A468A4623
:106ADC0088BF9246039E0CF1010C0FFA8CF0864293
:106AEC0007F10107C6DC30460230303D18442DB2A8
:106AFC0083B228E764070020600700207CAB000805
:106B0C00F7B500089DF82B300139891B23F00C03D5
:106B1C0043EA810304220AA938464FF000098DF894
:106B2C002B3001F0C6FCCDF8309002218DF82C00F2
:106B3C007548CDF83490ADF8389001F0FDFC282262
:106B4C000DF130080DEB020143466F48CDF8009073
:106B5C0001F0F6FC282243460DEB02016A48CDF801
:106B6C00009001F0EDFCEB434FF0010EEA08A15C44
:106B7C0003F007030EFA03F321EA0303A35405EB16
:106B8C000E03DA10DB43A15C03F007030EFA03F3E8
:106B9C0021EA0303A3545D4B05F1020C029305F1AA
:106BAC002A00029B6FEA0C0213F8011B4FEADC0A65
:106BBC004FEAD109C94318F8099001F00701029373
:106BCC0002F0070214F80A3049FA01F919F0010F22
:106BDC000EFA02F218BF13430CF1010C14BFDBB216
:106BEC009343604504F80A30DBD105F17203DFF8FA
:106BFC00209105F14A0C02930DF1300A6FEA0C0258
:106C0C004FF0010E19F8011F02F007020EFA02F202
:106C1C004FEAD10EC9431AF80EE04FEADC0801F036
:106C2C00070114F808304EFA01FE1EF0010F1ABFCE
:106C3C001343DBB2934304F80830029B0CF1010CB4
:106C4C006345DBD100214FF001096FEA010EC2430D
:106C5C000BEBD10C9CF8ABC14FEAD0080EF0070E31
:106C6C0014F8083002F007024CFA0EFC1CF0010F6D
:106C7C0009FA02F218BF134301F1010114BFDBB290
:106C8C009343202904F8083000F10100DDD172355E
:106C9C00ADB2013685E60622534305220433B3FB1D
:106CAC00F2F39BB203E003EB4303C3F34F03302037
:106CBC0003F12F02B2FBF0F20A44B4990A60B3FB61
:106CCC00F0F100FB113301EB810202EB8202520066
:106CDC009BB292B213B102331A4492B272210020C9
:106CEC009BF8AA3101FB0322B39B1A60B29B0732BB
:106CFC00D2081A600DF5297DBDE8F08F5B00D0E756
:106D0C0003EB4303CDE700BF60070020FAB5000892
:106D1C0021B60008034670B5454A8AB005AC02F1AD
:106D2C001006254610685168083203C5B2422C463D
:106D3C00F7D110683F4A2860106892880390ADF82C
:106D4C0010203D4A0AA8029249F28E52ADF8042056
:106D5C0093F8AF21002A0CBF3421082193F8A92104
:106D6C0000EB420232F8142CB2FBF1F20621632A3A
:106D7C00A3F8B021A3F8B2112AD037D83C2A53D0AB
:106D8C0022D81E2A19D8092A1BD92C4921FA02F219
:106D9C00D20716D5B3F8B8210AA901EB921111F854
:106DAC001C1CB2F5C07FA3F8B41102F03F01A3F88C
:106DBC00B61106D200200AB070BD232AEAD02F2AC1
:106DCC00E8D06FF06900F6E73E2A2DD0562AF8D1AC
:106DDC00B3F8B8210AA901EBD21111F8201C02F06A
:106DEC007F02A3F8B411A3F8B621E3E7B2F5C37F91
:106DFC0013D00ED8B92A01D0C62AE2D1B3F8B821E3
:106E0C000AA901EB122111F8241CD2B2A3F8B41177
:106E1C00E9E740F293118A42D3D14FF48472A3F87C
:106E2C00B421B3F8B821DEE73822A3F8B221B1E7D8
:106E3C008CAB0008F0B500084144474800044050B2
:106E4C00024610B5B0F8B231B0F8B611B0F8B04196
:106E5C0003F001005B0818B1B2F8B40143409BB2D7
:106E6C0099420CBF084681EA03008442F0D3A2F891
:106E7C00B23110BDD0F8C0312DE9F34104460E46B5
:106E8C00002B65D0FFF7DCFFB4F8B031471EBAB267
:106E9C003FB2B7EB530FA8BFD21A03F0010594F819
:106EAC00AF31A8BF17B20135002B55D04FF4805825
:106EBC00AD004FF09841D4F86001F9F74DFE4FF05A
:106ECC007451F9F749FEFAF749F86D0208FB0755BA
:106EDC00D4F8C42194F8AA31401B9A4204D29B1ACC
:106EEC00DB0758BF00F58070042306EB460700BA99
:106EFC007F0001900DEB0302204607F28A3100F06F
:106F0C001DF930BB6EB394F8AA31B3422BD8D4F828
:106F1C00BC51312D29D8ADB200236A468DF8003012
:106F2C002046022307F562718DF8015000F006F936
:106F3C0078B9D4F8BC315B1BC4F8BC31D4F8C0317F
:106F4C00013BC4F8C031D4F8C4310133C4F8C431A6
:106F5C00002002B0BDE8F0811A234FF4D0485D4305
:106F6C00A7E77325D8E77225D6E73225D4E70000CA
:106F7C00014801F0DDBA00BF6007002030B50446BF
:106F8C0085B00D46D0F868010121FDF734FE0023D1
:106F9C00CDE900330DF10F0201238421D4F86801EF
:106FAC00AD008DF80F50FDF781FD0546D4F8683122
:106FBC00012118680368DB699847284605B030BD85
:106FCC000121FFF7DBBF7FB5164604460D46D0F80E
:106FDC0068010121FDF70FFE46B10023CDE9003316
:106FEC001A461946D4F86801FDF760FD0123CDE976
:106FFC0000338021D4F8680103AA8DF80C50FDF7FA
:10700C0055FD04B070BD012290F84D11FFF7DBBFA8
:10701C000122FFF7D8BF1FB50B0C8DF80C300B0AF3
:10702C008DF80D300123CDE900338DF80E100323BC
:10703C00832103AAD0F86801FDF738FD05B05DF88F
:10704C0004FB1FB50B0C8DF80C300B0A8DF80D30B2
:10705C0000220123CDE900328DF80E10032382218A
:10706C0003AAD0F86801FDF721FD05B05DF804FB1B
:10707C002DE9F0430D4617461C4685B090F86C91EF
:10708C0006460D98F9F710FD1F49F9F719FEF9F7A7
:10709C0065FFFF2D08BF0225FF2F04BF09F10D0965
:1070AC005FFA89F7FF2C08BF0A248DF80A400124E7
:1070BC009DF83080CDE90044B8F1FF0F08BF4FF0C8
:1070CC000008030C8DF80C30030A8DF80D308DF888
:1070DC000E0007238821D6F8680102AA8DF8085003
:1070EC008DF809708DF80B80FDF7E0FC40B9CDE907
:1070FC00004403460246C521D6F86801FDF7D6FCCC
:10710C0005B0BDE8F08300BF00007A411FB58DF8D3
:10711C000D309DF818308DF80C108DF80F300123C0
:10712C00CDE900338DF80E200423952103AAD0F865
:10713C006801FDF7BBFC05B05DF804FB08B5D0F8A1
:10714C006801FDF779FB002008BD10B50446104618
:10715C001A460346D4F86801FDF7E5FAD4F868013D
:10716C00BDE81040FDF7CABC10B586B08DF81530DF
:10717C0001230E24CDE9013300920B46022205A90E
:10718C00D0F868018DF81440FDF776FC06B010BD00
:10719C0010B586B08DF8153001231E24CDE90133CE
:1071AC0000920B46022205A9D0F868018DF8144014
:1071BC00FDF721FC06B010BD1FB55BBAADF80C3065
:1071CC00BDF8183049BA5BBAADF80E300123CDE9E1
:1071DC000033082352BAADF80810ADF80A2019464E
:1071EC000DEB0302D0F86801FDF760FC05B05DF80B
:1071FC0004FB1FB50123CDE90033022349BAADF8D6
:10720C000C1003AA1946D0F86801FDF74FFC05B025
:10721C005DF804FB1FB50123CDE9003309BA0391D6
:10722C000423862103AAD0F86801FDF73FFC05B0C2
:10723C005DF804FB012307B5CDE900330A460223B0
:10724C009821D0F86801FDF731FC03B05DF804FB20
:10725C001FB5FF238DF80F300123CDE90033112129
:10726C000DF10F02D0F86801FDF7DEFB9DF80F0061
:10727C0005B05DF804FB012330B585B0CDE90033D2
:10728C0004460D468DF80C108DF80D2002238E212E
:10729C00D0F8680103AAFDF709FC08B984F89851E5
:1072AC0005B030BD2DE9F0431E4690F8783185B01D
:1072BC000546884617469DF83040A3B14FF00109AA
:1072CC0090F86C0109FA00F0F9F7EEFBD5F874119F
:1072DC00F9F7F6FC4FF08341F9F7F0FD002804466E
:1072EC0018BF4C46E4B2012385F86E41CDE900335A
:1072FC008B210423D5F8680103AA8DF80C808DF836
:10730C000D708DF80E608DF80F40FDF7CFFB05B0BA
:10731C00BDE8F08330B585B0089C8DF80C30230C9B
:10732C008DF80D300123CDE9003308230D0C8DF8B9
:10733C0008508DF80A100D0A8DF80B208B2164BAB9
:10734C000DEB0302D0F868018DF80950ADF80E4032
:10735C00FDF7ACFB05B030BD1FB50B0C8DF80C3038
:10736C000B0A8DF80D300123CDE900338DF80E108A
:10737C008DF80F2004238B2103AAD0F86801FDF7A8
:10738C0095FB05B05DF804FB2DE9FF419DF82C80C1
:10739C000C464146064617461D46FEF7CDFFB0B9D2
:1073AC009DF8283064BA8DF80A300123CDE90033FA
:1073BC008C210623D6F8680102AAADF808408DF896
:1073CC000B508DF80C708DF80D80FDF76FFB04B031
:1073DC00BDE8F0817FB58DF813309DF828308DF81D
:1073EC000E208DF8143001239DF82020CDE90033B8
:1073FC008DF80F209DF8242049BA8DF810209DF8A7
:10740C002C20ADF80C108DF811209DF8302009239C
:10741C008DF812208C2103AAD0F86801FDF746FBE9
:10742C0007B05DF804FB30B585B00546BDF820000B
:10743C008DF808108DF80A20110A8DF80C301A0AF4
:10744C00030A8DF80D300123CDE900338DF80910B6
:10745C008DF80B208DF80E008C21D5F8680102AA4E
:10746C00FDF724FB044638B90623F021D5F8680152
:10747C000DF10902FDF7E0F9204605B030BD1FB54E
:10748C000123CDE900338DF80C108DF80D2002236B
:10749C008F2103AAD0F86801FDF708FB05B05DF851
:1074AC0004FB1FB50123CDE900338DF80C1003AAA2
:1074BC009621D0F86801FDF7F9FA05B05DF804FBE8
:1074CC001FB50F4B14211A889B78ADF80C208DF842
:1074DC000E300123CDE9003303AA0323D0F8680151
:1074EC00FDF7A2FA9DF80D309DF80C209DF80E00CA
:1074FC001B0243EA0243184305B05DF804FB00BFCE
:10750C00A0AB00081FB50023ADF80C300123CDE96A
:10751C0000331721022303AAD0F86801FDF784FA7F
:10752C00BDF80C0040BA80B205B05DF804FB1FB585
:10753C000023ADF80C300123CDE9003307210223E1
:10754C0003AAD0F86801FDF7B1FA05B05DF804FBA9
:10755C00D0F868312DE9F0411D6804462A680E46C2
:10756C005769596A2846926D9047D4F8683101469C
:10757C001B6832462846BC46BDE8F0415B69604753
:10758C00D0F8683170B51C68596A22682046956934
:10759C00926D90472B4601462046BDE87040184737
:1075AC000368D3F8DC3018470368D3F8E030184789
:1075BC0073B505460E46FFF74BFE0128044656D11F
:1075CC0000213046F9F77AFC00283BD03046294997
:1075DC00F9F76AFC002835D04FF07C513046F9F7AA
:1075EC00BBFA2549F9F7B0F9F9F7B8FCC3B2142B7B
:1075FC0021D8022B26D9033B112B23D8DFE803F02B
:10760C002F2209220A222229222222222B22222262
:10761C00222D082495F86E3185F85C41C5F874610B
:10762C0000932246284695F86D3195F86C11FFF7BA
:10763C0039FE02B070BD7D2B13D006D81F2B12D093
:10764C003E2B12D06FF00700F3E7FA2BFAD1062489
:10765C00E0E70924DEE70224DCE70A24DAE7002469
:10766C00D8E70524D6E70324D4E70424D2E76FF047
:10767C001300DEE70000FF430AD7233C37B504466E
:10768C000D46FFF7E5FD012811D16B1F072B11D813
:10769C0094F86E3184F86C5100932946204694F886
:1076AC006D3194F85C21FFF7FDFD03B030BD6FF038
:1076BC001300FAE76FF00800F7E773B505460C46C0
:1076CC001646FFF7C5FD01281ED1231FDBB2042B84
:1076DC001DD8BEB1062C11D8042C08BF002495F877
:1076EC006E3185F86D4100932846234695F85C2150
:1076FC0095F86C11FFF7D6FD02B070BD082C06D1C1
:10770C000724ECE71C46EAE76FF01300F4E76FF090
:10771C000900F1E773B506460D461446FFF798FDD0
:10772C00012814D125F00F0343EA141304F00F04BD
:10773C0044EA05118DF804308DF8051002234FF43E
:10774C00E861304601AAFFF7F9FC02B070BD6FF09A
:10775C001300FAE737B50C46054600212046F9F729
:10776C00ADFBB0B120460C49F9F79EFB88B10B4933
:10777C002046F9F7A5FAF9F7F1FB01238DF807007C
:10778C0040F6E70128460DF10702FFF7D7FC03B0DE
:10779C0030BD6FF01000FAE700000C4300002040F1
:1077AC00F0B587B005460C46FFF752FD012811D104
:1077BC0095F8A031A1B2A5F87211019395F870312A
:1077CC002846009395F89C3195F86F21FFF7DCFD66
:1077DC0007B0F0BD78BB95F88801A1B281420A468A
:1077EC00A8BF02461F2AA5F88C111CDC172A1CDC2A
:1077FC000F2A1CDC003A18BF0122920095F88A412E
:10780C0095F8873195F8897185F884218CB995F8AC
:10781C009C61CDE9034600240297CDE9000428467B
:10782C00FFF7D8FDD4E70722E8E70622E6E70522B2
:10783C00E4E7FF26EDE74FF0FF30C9E737B5044624
:10784C000D46FFF705FD68BB00212846F9F722FB22
:10785C0060B928461549F9F731FB20B1284614497F
:10786C00F9F722FB18B96FF0650019E00F4D1149BB
:10787C002846F9F771F94FF09841F9F76DF90E496F
:10788C00F9F71EFAF9F76AFBC4F88001009094F836
:10789C008531204694F88621D4F87C11FFF73AFD07
:1078AC0003B030BD6FF01300FAE700BF9A99193F8F
:1078BC000000484300007A440024F44B37B50446DA
:1078CC000D46FFF7C5FC002839D0032805D0022847
:1078DC0010D06FF0130003B030BD28462449F9F7DF
:1078EC00EDFA20B128462349F9F7DEFA38BB6FF0E0
:1078FC006400F0E728462049F9F7E0FA0028F6D0B2
:10790C0028461E49F9F7D0FA0028F0D01C49284621
:10791C00F9F722F901461B48F9F7D2F9F9F71EFBE2
:10792C0016220146C4F87C012046FFF715FD0028FD
:10793C00D1D1204603B0BDE83040FEF71FBD28462C
:10794C000F49F9F709F901460E48F9F7B9F9F9F7B2
:10795C0005FBD4F88031C4F87C010093014694F8FF
:10796C008531204694F88621FFF7D4FCDFE700BF71
:10797C0023DBF93E355EFA3ECDCCCC3D9A99193FCE
:10798C0000007A440024744EF0B589B003AC84E84E
:10799C000E0003680DF11F01D3F8CC3005469DF89D
:1079AC003860049F98470446002851D1032E9DF857
:1079BC001F3002D09E420FD13346E3B92B682846C4
:1079CC001B6C039998470446002841D12B68394613
:1079DC0028465B6C98470CE02B6828461B69984737
:1079EC0038B92B6831462846D3F8C8309847002858
:1079FC00E2D004462CE0012B17D12B682846D3F893
:107A0C00E8309DF80C109847044608BB2B683946A3
:107A1C002846D3F8E43098470446C8B902469DF886
:107A2C0014102846FFF749FEE3E7022B10D14FF460
:107A3C008073284600939DF80D2003239DF80C10AD
:107A4C00FEF756F80028D4D19DF80E3085F8AF31EA
:107A5C00204609B0F0BD000030B585B004AC04E997
:107A6C000E009DF82030029C032B07D1036808A957
:107A7C00D3F8CC30984718B105B030BD4FF0FF307B
:107A8C009DF82030CBB9019D1F492846F9F716FA0D
:107A9C0068B328461D49F9F707FA40B320461A493E
:107AAC00F9F70CFA30B320461949F9F7FDF900281B
:107ABC0014BF00206FF06500DEE7012BDCD19DF8D0
:107ACC000430053B072B18D800212046F9F7F6F9AE
:107ADC00B0B120460F49F9F7E7F988B19DF80C30A1
:107AEC00043B042B94BF00206FF00900C4E76FF037
:107AFC006400C1E76FF06500BEE76FF00800BBE7FC
:107B0C006FF00700B8E700BF9A99193F0000964341
:107B1C00000048430000FF43F0B58BB01D466B4698
:107B2C008C4616461F461A4C04F1280E1A4620683D
:107B3C006168083403C274451346F7D16046154991
:107B4C00F9F70AF8F9F70AFA3A46002380B26C1EE4
:107B5C009C420DD8F8F7ACFF0E4905461098F8F783
:107B6C00FBFF01462846F9F79FF968B1335D04E045
:107B7C0032F8021B814205D9F35C0020119A137074
:107B8C000BB0F0BD0133E3E76FF06700F8E700BF1F
:107B9C00A4AB000800002041F0B589B004460F46A4
:107BAC00FFF756FB48BB02AD2A46154B03F1100CF0
:107BBC002E4618685968083303C663453546F7D115
:107BCC0018681B793060337104F2851301930D4BE7
:107BDC003946009320461523FFF79EFF58B9D4F879
:107BEC0080312046009394F8853194F88621D4F89E
:107BFC007C11FFF78FFB09B0F0BD6FF01300FAE7B3
:107C0C004AB600080080E94337B505460C46FFF735
:107C1C001FFB08B103281CD1042C1DD8DFE804F08D
:107C2C000403131517000824D5F8803185F8864114
:107C3C0000932246284695F88531D5F87C11FFF73C
:107C4C0069FB03B030BD0924EEE70A24ECE70B24F2
:107C5C00EAE76FF01300F4E76FF06900F1E7F0B5B5
:107C6C0087B005460E461446FFF7F2FA00283CD1C1
:107C7C00082C50D8E4B2234632464FF4D86128463B
:107C8C00FFF75CFA38BBB5F88C11E400E4B2A14202
:107C9C000A46A8BF22461F2A85F888411DDC172AF0
:107CAC001DDC0F2A1DDC003A18BF0122920095F84A
:107CBC008A0195F8873195F8897185F8842190B9F6
:107CCC0095F89C61CDE9030600200297CDE90040B0
:107CDC002846FFF77FFB07B0F0BD0722E7E7062237
:107CEC00E5E70522E3E7FF26ECE7012809D1012CA3
:107CFC0011D844222846317807B0BDE8F040FFF790
:107D0C0009BD032804D1042C05D13368C5F8AB3167
:107D1C006FF01300DFE76FF06800DCE72DE9F0414E
:107D2C0088B004460D4617461E469DF83880FFF76E
:107D3C008FFA00284AD1012D08D0022D3DD0002DFC
:107D4C0040D06FF42F7008B0BDE8F0814FEA88087E
:107D5C005FFA88F594F88A31B4F88C1194F8842180
:107D6C0094F888C194F889E184F8875163BB94F83E
:107D7C009C01CDE9033000232046CDE900C3CDF8AA
:107D8C0008E02B46FFF726FB0028DCD17FBA022344
:107D9C0040F2BC61204607AAADF81C70FFF7CEF983
:107DAC000028D0D176BA022340F2BE61204607AA41
:107DBC00ADF81C60FFF7C2F9C5E7B8F1000F18BFAA
:107DCC000625C7E70125C5E7FF20D2E7012812D118
:107DDC002A1E18BF012294F8A03184F86F21019358
:107DEC0094F870312046009394F89C31B4F87211D9
:107DFC00FFF7CAFAA7E74FF0FF30A4E7F0B589B058
:107E0C0004460E461546FFF723FA002851D1DEB979
:107E1C0094F88A0184F88961B4F88C1194F884215F
:107E2C0094F8873194F8886160B994F89C51CDE945
:107E3C00030500200290CDE900602046FFF7CAFA46
:107E4C0009B0F0BDFF25F2E701234FF4D7612046BE
:107E5C0084F8893107AAFFF778F90028F0D19DF84A
:107E6C001C30C5F3002223F0010313438DF81C30A2
:107E7C004FF4D7610223204607AA8DF81D50FFF757
:107E8C005DF90028DCD194F88A01B4F88C1194F8CF
:107E9C00842194F8873194F8886194F8897130B909
:107EAC0094F89C51CDE9030502970020C3E7FF2508
:107EBC00F8E76FF01300C3E70021FFF7F2BA0121D6
:107ECC00FFF7EFBA003940F2FF1218BF0121FFF79C
:107EDC0095BFD0F86801FCF75FBE37B504460D4678
:107EEC00FFF7B6F9012810D184F8A051019594F848
:107EFC0070312046009394F89C3194F86F21B4F8BB
:107F0C007211FFF741FA03B030BD6FF01300FAE7BE
:107F1C00F0B50646036885B01B690D4617469847B1
:107F2C003046FFF7EFFA830602D53046FFF7FFFA2B
:107F3C00494925F00040F8F7B7FF044630B101215C
:107F4C00304605B0BDE8F040FDF7F5BD4349284685
:107F5C00F8F7F8FC404920F00040F8F7A5FF00289E
:107F6C0069D13F492846F8F7EDFC3B4920F0004029
:107F7C00F8F79AFF002860D13A492846F8F7E2FC56
:107F8C00354920F00040F8F78FFF002857D13649CB
:107F9C002846F8F7D7FC304920F00040F8F784FF6A
:107FAC0000284ED131492846F8F7CCFC2A4920F05C
:107FBC000040F8F779FF002845D12D492846F8F7FD
:107FCC00C1FC254920F00040F8F76EFF00283CD199
:107FDC0028492846F8F7B6FC1F4920F00040F8F76E
:107FEC0063FFA0BB24492846F8F7ACFC1A4920F0E3
:107FFC000040F8F759FF60B3072338468DF80C3072
:10800C00F8F752FD1D49F8F75BFEF8F7A7FF030CD4
:10801C008DF80D300123C6F89471CDE9003340BAC8
:10802C00ADF80E0004239721D6F8680103AAFCF7DB
:10803C003DFD05B0F0BD2346DFE70123DDE702235C
:10804C00DBE70323D9E70423D7E70523D5E706238A
:10805C00D3E70B48EDE700BF6F12833ACDCCCC3F92
:10806C009A99D93F6666E63FCDCC0C409A99194057
:10807C00CDCC2C40000040403333534000007A41BB
:10808C0041FDFFFF1FB5012380F89911CDE90033A5
:10809C008DF80F100DF10F029D21D0F86801FCF73F
:1080AC0005FD05B05DF804FB2DE9FF411F460023DB
:1080BC000D4616468DF80F3040F6E70101230DF101
:1080CC000F020446FFF741F8C8B94FF001083B46D0
:1080DC00314620469DF82820CDF80080FFF716F891
:1080EC0068B904222046E9B2FFF7C5F838B943460F
:1080FC0040F6E70120460DF10F02FFF71FF804B020
:10810C00BDE8F08170B586B004460E461546FFF703
:10811C009FF8C0B9CDE9036594F88931CDE9010325
:10812C0094F888312046009394F8873194F8842190
:10813C00B4F88C11FFF74EF918B984F88A61C4F8B9
:10814C009C5106B070BD6FF01300FAE70A4601218E
:10815C00FFF7D8BF10B504460846C4F860114FF0BD
:10816C009841F8F7F9FC4FF07451F8F7F5FCF8F773
:10817C00F5FE01462046BDE81040FFF74BB8F0B5C0
:10818C00037B05460C4685B073B90126CDE9006624
:10819C0033468A21D5F8680102AA8DF80840FCF70D
:1081AC0085FC40B105B0F0BD00221146FFF767F920
:1081BC000028EAD0F6E795F84D31CDE90066002BA2
:1081CC000CBF2023302393218DF80830D5F868019B
:1081DC00334602AAFCF76AFC0028E3D103228DF88F
:1081EC00082095F86C21CDE900660D328DF8092038
:1081FC000A22ADF80C00ADF80A208DF80E0007230A
:10820C008821D5F8680102AAFCF750FC0746002823
:10821C00C8D12B6844F2FF31D3F8EC30284698478C
:10822C003B4604463A46394628460097FEF7C4FFBB
:10823C00204300B20028B5D17F23CDE900608DF832
:10824C00083089213346D5F8680102AAFCF72EFCC8
:10825C000028A7D1D5F86831052118680368DB69B7
:10826C009847D5F868311868D96A0268126990473E
:10827C0020B9D5F86801FCF741FC93E7D5F86831D3
:10828C00186803685B6D9847EBE76FF01800704750
:10829C006FF0180070476FF01800704703680021EA
:1082AC005B6918476FF0180070476FF01800704743
:1082BC006FF0180070476FF0180070476FF01800DF
:1082CC0070476FF0180070476FF01800704784B05B
:1082DC0004A800E90E006FF0180004B070470020ED
:1082EC0070470000004870470000C8C182B00020F1
:1082FC008DE80C0002B07047002070476FF018003A
:10830C0070476FF018007047002070477047704737
:10831C0070476FF01800704730B5002585B0CDE977
:10832C0002558DF808300368CDE90012D3F8D0302F
:10833C006A4603210446984720B923682046D3F89F
:10834C00D430984705B030BD1FB50293069BCDE9DC
:10835C000012039303686A460221D3F8D030044616
:10836C00984720B923682046D3F8D430984704B0F6
:10837C0010BD000070B50126044600250E4B067397
:10838C00036028220021103001F09BFD4FF4807215
:10839C002946A56304F13C0001F093FD4FF07E5398
:1083AC0084F844512046C4E94F55C4F8485184F828
:1083BC004C516360A66070BD68B60008002330B5F0
:1083CC001A460125103005FA03F40C4204D050F87B
:1083DC0023401F2C18BF22430133202BF3D110460E
:1083EC0030BD092910B50ED800EB810422691F2A73
:1083FC0009D00368D3F8843098472369184214BF16
:10840C000120002010BD6FF01800FBE7036870B569
:10841C000446D3F88C50FFF7D1FF2B46014620467B
:10842C00BDE87040184738B590F84C3104469BB9FC
:10843C00D0F83C2141EA4201D0F84821C0F83C1167
:10844C001140D0F84021914205D1012280F83930F9
:10845C0080F84C21438738BD012590F83A2094F8D8
:10846C003930024492F83C009D40B9B12843C0B267
:10847C00591CC9B2082982F83C0084F83910EAD199
:10848C0000F0D8F894F83A30E218013382F83C0046
:10849C0084F83A30002384F83930DCE720EA050010
:1084AC00E6E7082202700022C0E90122C2600282C3
:1084BC0070472DE9F84300264FEAC20805460F46DF
:1084CC0032468468B04510D1EB6884EA03006B7CBB
:1084DC0013B1297800F0AEF84FF0FF332A78C2F1CF
:1084EC002002D3401840BDE8F88373070CD12B7CD5
:1084FC00B85C02F1010913B1082100F09BF84A465F
:10850C002B78083B984044402B780136013B24FAE9
:10851C0003F313F0010F18BF6B684FEA440418BF44
:10852C005C40CFE70148FFF7BCBF00BF64070020E9
:10853C000022027042707047002341700370704734
:10854C002DE9F74F019200296CD0002B6AD0002244
:10855C0094461546019CA54212D1690708D0417872
:10856C00032904BF110C03F8011B110A19705A706E
:10857C000C9B0BB1C3F800C0002003B0BDE8F08F1A
:10858C0090F801E0EF43DFF8A480BEF1020F18BFB2
:10859C00C24690F80080264E6FEA080908BFB24622
:1085AC004FEAD5040C5D07F0070744FA07F404F012
:1085BC000104C4F101064FEA86064FEA980B09F054
:1085CC000309F6B206EBC9065AF82B9004EB4804E3
:1085DC0029FA06F60CBF4FF010094FF04009B4FB16
:1085EC00F9F809FB184407FB0EF706F00F060470A8
:1085FC0005F00704BE40072C42EA06020CD1BEF17E
:10860C00030F04BF140C03F8014B1C46160A04F8A4
:10861C00026B5A70234600224478013564441FFAD9
:10862C0084FC97E74FF0FF30A7E700BF54B7000872
:10863C0044B700080023F0B50446012518464E1E29
:10864C00DAB2914200D8F0BD05FA03F22240DA40CA
:10865C00F71ABA4010430133F2E77047704770477E
:10866C00084670477047000010B5C0E90223029B12
:10867C00074C0361039BC0E900414361049B836188
:10868C000023C361034B1A6802B9186010BD00BF08
:10869C009CB7000878070020B0F80831B0F8042126
:1086AC00981A00F03F007047B0F80831B0F8042178
:1086BC009BB293421ABFD0F8FC30985C4FF0FF305D
:1086CC00704790F80631B0F80A01C0B2834227BF58
:1086DC00C3F13F03C018C01A00F1FF30704707B553
:1086EC0003688DF8071001225B680DF107019847AC
:1086FC0003B05DF804FB13B50DF107010446FBF75D
:10870C00F9FA88B9B4F87430B4F87020013303F076
:10871C003F03934208D0B4F874209DF80700A16E73
:10872C0092B28854A4F8743002B010BDB0F8761030
:10873C00826F10B50A4402F03F02A0F87620B0F820
:10874C007610B0F8722089B28A421AD0B0F876400E
:10875C004032A4B2B0F87610121B544289B204F025
:10876C003F0402F03F02C1F1400158BF62428A420D
:10877C0028BF0A4604498267FBF7F8FA4FF0FF302E
:10878C0010BD0020FCE700BF3987000803682DE905
:10879C00F0479B6804468846164698470123237485
:1087AC00D4F8EC30B4F8069101338246C9F1400993
:1087BC0004F1940708D194F811312BB100233846F9
:1087CC0084F81131FBF7F2FA236820469B6898472E
:1087DC000028F9D035464D4523D8554521D8B4F855
:1087EC000621D4F800015319402B10442FD82A46E7
:1087FC00414601F042FCA946B4F8063138461D4406
:10880C0005F03F05A4F80651FBF702FA30B94A46C9
:10881C0038461649C4F80C91FBF7A8FA3046BDE867
:10882C00F087D14528BFD14623684A4641465B684C
:10883C0020469847236820469B689847A5EB090576
:10884C00C844B4F806918246C9F14009C3E7C2F1A5
:10885C0040094A46414601F010FCD4F80001A5EB52
:10886C00090208EB090101F008FCC5E7398700088B
:10887C00C0F8F030009B914208BF4FF0FF31C0F8B8
:10888C00F43000F11403C0F8FC300023C0E93A21A5
:10889C0000F15402A0F80831C0E94023A0F80A31D5
:1088AC0070470000F7B54FF47A7317460022C0E901
:1088BC0001231C4B044603604FF0FF33C0F8EC302F
:1088CC00194B1A4E9C420D46F06A05D1B36AC4F896
:1088DC00EC30C4F8E8000AE01549FAF739FF854294
:1088EC0015D1B36AC4F8EC30F36AC4F8E8304FF031
:1088FC00FF33012F08BFC4F8EC3000932046D4E9B5
:10890C003A214FF0FF33FFF7B3FF03B0F0BD284619
:10891C000849FAF72EFF0649C4F8EC002846FAF786
:10892C0028FFD6E70CB800087C070020A8AF000889
:10893C0040AD000804AD0008037C70B504460D463C
:10894C00A3B1F8F7D5FB0646B4F80621B4F80A3102
:10895C009BB29A420AD0002DF8D0F8F7C9FB801BC5
:10896C008542F1D8B4F80A31A4F8063170BD002163
:10897C00FFF7E2BFD0F8EC3010B5013304460ED14E
:10898C000368DB68984794F8113143B9012304F16B
:10899C00940084F81131BDE81040FBF715BA10BDF6
:1089AC007FB502F00703023BDBB2042B0546C0F88F
:1089BC00141180F81221144602F0300002D930282C
:1089CC000ED1FEE71B4A3028D25C0CD14FF4C063A9
:1089DC000132082A0ED0092AF3D14FF480520AE052
:1089EC009306EED4EDE714F020031CBF4FF4806324
:1089FC000132EEE70022E87CC4F3C0040390A87CAB
:108A0C0005F194060290687C640301900094304652
:108A1C00FAF7ECFF85F8100148B12846FFF7AAFFDA
:108A2C003046054904B0BDE87040FBF77FB904B08F
:108A3C0070BD00BFFCB700080387000810B50446E2
:108A4C00FFF798FFB4F80821B4F8043192B29A42B7
:108A5C0017BFD4F8FC204FF0FF30D05C01331CBFA3
:108A6C0003F03F03A4F8043110BD000000220249BA
:108A7C000248FFF717BF00BF003801407C070020F9
:108A8C0070B505460C46084649B1F8F787FA2B68CD
:108A9C00024621462846BDE870405B68184770BD09
:108AAC0008B5FFF7EDFF08BD03681B681847000009
:108ABC0008B50249FFF7E4FF08BD00BF30B8000855
:108ACC0038B50546FFF7DCFF04462846FFF7F0FFF4
:108ADC00204438BDFFF7F4BF70B50D46144630B1D5
:108AEC00461E012E05D811462846FBF7A3F8204652
:108AFC0070BD03685B689847F9E70023012A98BFAB
:108B0C000A2230B58BB00C468DF8243009A92546C5
:108B1C00B4FBF2F404FB1253DBB2092B94BF3033D9
:108B2C003733DBB2AA4201F8013DF0D9FFF7A8FFB9
:108B3C000BB030BD2DE9F04107460E4614462AB95C
:108B4C00BDE8F0410368C9B21B6818470A2A05D171
:108B5C00002905DBBDE8F041FFF7CFBFD2B2F9E742
:108B6C002D21FFF7A1FF2246054671423846FFF73B
:108B7C00C4FF2844BDE8F08138B50546FFF7DAFF9D
:108B8C0004462846FFF794FF204438BD10B422B9A0
:108B9C00026810BC1268C9B2104710BCD2B2FFF701
:108BAC00ACBFFFF7F3BF38B50546FFF7EFFF044640
:108BBC002846FFF77DFF204438BD00002DE9F8431F
:108BCC00074608460D461646F8F78CF938B13D496C
:108BDC003846FFF755FF04462046BDE8F88325F0DC
:108BEC00004420463849F8F77DF930B9204636491B
:108BFC00F8F75AF908B93549EAE728463449F8F73D
:108C0C0067F908B13349E3E76FF042512846F8F7AA
:108C1C0041F90028F6D100212846F8F73BF9044623
:108C2C0030B12D213846FFF73FFF044605F10045D2
:108C3C004FF000084FF07C50DFF89C905FFA88F3FF
:108C4C009E4239D801462846F7F77EFE8046F8F753
:108C5C0085F90A22014605463846FFF74EFF0444C3
:108C6C00002EB9D02846F7F71FFF01464046F7F70C
:108C7C0069FE2E2105463846FFF716FFDFF85880AF
:108C8C000444002EA8D041462846F7F765FF8146DC
:108C9C00F8F764F90A22014605463846FFF72DFF1E
:108CAC0004442846F7F700FF01464846F7F74AFE0A
:108CBC00013E0546F6B2E4E74946F8F701F808F13B
:108CCC000108BBE733B80008FFFF7F7F37B8000807
:108CDC00FFFF7F4F3BB800080000204108B5D2B21F
:108CEC00FFF76CFF08BD10B5044600F051FBE060C7
:108CFC00236820465B699847002808DA00F048FB97
:108D0C00E368C01AA3689842F2D34FF0FF3010BD4D
:108D1C00F8B507460D460C468E18B44201D1601BBF
:108D2C00F8BD3846FFF7DFFF031EF8DB04F8013B04
:108D3C00F3E72DE9F0410746884616461D4673B108
:108D4C0000243846FFF7CFFF031E05DB434503D055
:108D5C0033550134A542F4D12046BDE8F0811C46C0
:108D6C00FAE70000114810B50368C3F30312042A94
:108D7C0019D80F4951F82220AAB10E4C416803F0C2
:108D8C000F0354F823300029C3F30F230CD0C4BFB6
:108D9C0001F1FF314160D16803EA010023EA0103CC
:108DAC0043EA0043136110BD5361FCE76C010020E2
:108DBC000800002094B000082DE9FF41364D222810
:108DCC000E4614462B681FD8344A52F8207043B90B
:108DDC00B020FAF726F880463149F9F789FFC5F833
:108DEC000080781C1DD02F4B1A68511C01D0BA4240
:108DFC0017D1B6F5803F14D20EBB286888B104B0E9
:108E0C00BDE8F041F9F734BD00F0C002C02A0BD028
:108E1C003BB9B020FAF705F804462149F9F768FF89
:108E2C002C6004B0BDE8F081C928F1D81E4A00F0CE
:108E3C003F0052F82010194A52F82170C7E776000B
:108E4C001F6034B34FF47A727443B4FBF2F4012113
:108E5C0038465C60FAF79EFB022231462868F9F727
:108E6C00E5FE00230193114B69460093104B2868D3
:108E7C000393104B0293F9F783FF029B1BB16946D6
:108E8C00032208469847286804B0BDE8F041F9F77A
:108E9C00D8BD4FF0FF34DAE794080020A8AF0008E3
:108EAC00000400406C01002080AF0008718D0008A8
:108EBC006930000849300008222838B523D81B4BEC
:108ECC0053F820305A1C1DD0194D2A689A4219D1DA
:108EDC00184C2068B0B129B3F9F7CEFE2868431CB2
:108EEC0005D00021FAF756FB4FF0FF332B602568B5
:108EFC0035B12846F9F70CFEB0212846F9F797FF53
:108F0C000023236038BD00F0C003C02BFAD1C92860
:108F1C00F8D8094B00F03F0053F82020034B53F8CE
:108F2C002230CFE7BDE83840F9F7A2BCA8AF000863
:108F3C006C0100209408002080AF0008C3B2222BE3
:108F4C0014D8134A00F4E06052F823300343C3F3FF
:108F5C000312042A1BD80F4951F82200B8B1012181
:108F6C0003F00F03994089B2FAF780B800F0C00201
:108F7C00C02A0CD1C92B0AD8074B00F03F0253F87A
:108F8C002220034B00F4E06053F82230DEE77047F8
:108F9C00A8AF00080800002080AF000830B5C3B2AD
:108FAC00222B87B030D800F4E064294850F82330E5
:108FBC001C43022A3CD0032A264D03D0264B002A00
:108FCC0018BF1D46254B9A6942F001029A619B69B4
:108FDC0003F001030193019BA4F10D03012B29D88C
:108FEC001F4A536823F0E06343F08063536002A888
:108FFC00F9F793FE2A46204602A9FAF7AFF802A821
:10900C00F9F72DFC07B030BD00F0C004C02C0CD11A
:10901C00C92B0AD8134B00F03F0453F824500C4BC7
:10902C0000F4E06453F82530C2E74FF0FF34C0E79A
:10903C000D4DC7E70F2C03D0A4F11303012BD6D889
:10904C00074A536823F0E06343F00073CEE700BF98
:10905C00A8AF000800002110000011100010024001
:10906C000000014080AF00080000311008B100F092
:10907C00B7BD704710B5044628B100F0DFFD90FB7A
:10908C00F4F303FB1404204610BD884210B50446CB
:10909C0003DA081AFFF7EEFF0444204610BD10B5A2
:1090AC00441A0298521AC01A444394FBF2F4E01882
:1090BC0010BD704708B50320F8F720F8BDE808404C
:1090CC0000F086B908B5AFF30080FAF799FFFBF70B
:1090DC0069F800F06FF9FAE7FAF75CFB0B480C49FA
:1090EC000C4A002302E0D458C4500433C4188C42F8
:1090FC00F9D3094A094C002301E013600432A2425F
:10910C00FBD300F093FFFFF7DDFF7047000000205A
:10911C00D00100206CB90008D00100206C0A00209E
:10912C00FEE70000C3B2222B2DE9F0410D462AD8F0
:10913C00274A00F4E06452F823301C43621C44D0EC
:10914C00244EC4F3031756F8273004F00F0823FA03
:10915C0008F3DB0710D520461F49FAF70BFA10B1BC
:10916C002046F9F7BBFE012256F8273002FA08F226
:10917C0023EA020346F82730052D15D8DFE805F061
:10918C0015211B1D1F2300F0C002C02A1DD1C92BA5
:10919C001BD8124B00F03F0253F822200C4B00F46A
:1091AC00E06453F82230C8E7FEE700212046BDE812
:1091BC00F041FAF7EFB91021F8E72021F6E7032187
:1091CC00F4E70121F2E70921F0E7BDE8F08100BFE7
:1091DC00A8AF0008980800207CAD000880AF0008FC
:1091EC00C3B2222B1BD8174A00F4E06052F823308C
:1091FC001843431C25D0C0F30313042B98BF124A09
:10920C0000F00F0098BF52F82320104B88BF0022AB
:10921C0053F82030C3F30F2391B11361704700F062
:10922C00C002C02A0DD1C92B0BD8094B00F03F024C
:10923C0053F82220034B00F4E06053F82230D7E7B8
:10924C0053617047A8AF00080800002094B00008D4
:10925C0080AF0008C3B2222B1CD8194A00F4E0607E
:10926C0052F823301843431C25D0C0F30313042BAE
:10927C0023D8144A00F00F0052F82330124A9B688E
:10928C0052F82020D84300EA122080B2B0FA80F0C5
:10929C004009704700F0C002C02A0CD1C92B0AD873
:1092AC000A4B00F03F0253F82220054B00F4E0601B
:1092BC0053F82230D6E70020704700239B68FFDE6E
:1092CC00A8AF00080800002094B0000880AF000888
:1092DC002DE9F843C3B2222B0D46174628D8294A4C
:1092EC0052F82330012403F00F02C3F30313042BB1
:1092FC0004FA02F42DD8244A52F82360002D18BF2A
:10930C00254600F047F88046B3682340AB4222D094
:10931C00B3682340AB4227D100F03CF88146B368D8
:10932C002340AB4227D000F035F8A0EB090019E040
:10933C0000F0C002C02A0AD1C92B08D8134B00F088
:10934C003F0053F820200F4B53F82230CAE74FF45C
:10935C0000440026D2E700F01DF8A0EB0800B8424C
:10936C00D2D90020BDE8F88300F014F8A0EB080077
:10937C00B842CDD9F5E700F00DF8A0EB0800B842E3
:10938C00CDD9EEE7A8AF00080800002080AF000898
:10939C00F9F7F6BDF9F7D0BD38B5044648B1F9F781
:1093AC00EFFD0546FFF785FEF9F7EAFD431BA342E7
:1093BC00F8D338BD08B5044B2BB10448FFF76CF952
:1093CC0008B1AFF3008008BD000000007C0700204E
:1093DC00F9F722BE08B500F03DFB00002DE9F04185
:1093EC001C46464B0D46C366002101231646A0F8C9
:1093FC0070305C2280F872100746DDF8188000F09F
:10940C0060FDF3B2222B28D83D4A06F4E06652F8F0
:10941C0023301E43EBB2222BFE6532D8384A05F4BA
:10942C00E06552F823301D43E3B2222B3D663CD855
:10943C00334A04F4E06452F823301C435FFA88F298
:10944C00222A7C6645D82E4908F4E06351F8222084
:10945C0013433846BB66BDE8F08106F0C002C02A53
:10946C000CD1C92B0AD8274B06F03F0253F8222007
:10947C00234B06F4E06653F82230CAE74FF0FF3670
:10948C00C8E705F0C002C02A0CD1C92B0AD81D4B65
:10949C0005F03F0253F82220194B05F4E06553F810
:1094AC002230C0E74FF0FF35BEE704F0C002C02AFF
:1094BC000CD1C92B0AD8134B04F03F0253F82220CD
:1094CC000F4B04F4E06453F82230B6E74FF0FF344E
:1094DC00B4E708F0C003C02B0CD1C92A0AD8094B39
:1094EC0008F03F0253F82210054A08F4E06352F8E2
:1094FC002120ADE74FF0FF33ABE700BF00093D0083
:10950C00A8AF000880AF000837B501230D46002234
:10951C00074980F85120C16680F8703080F87120BE
:10952C0080F87250009500F077F803B030BD00BFA2
:10953C0000093D001FB502AB83E80600C16E029A1C
:10954C000446914205D1026F03994A4032F07F42A2
:10955C0010D09A8802989B79E066A4F8702084F861
:10956C0072300093204694F8703094F87120E16EBC
:10957C0000F052F804B010BD704700F087B907B581
:10958C00002A8DF807100DF107014FF001030CBFF5
:10959C000A46002200F0A8F99DF8070003B05DF818
:1095AC0004FB0000232307B5C6220093C721C52363
:1095BC000248FFF713FF03B05DF804FBAC08002072
:1095CC0091FAA1F3B3FA83F370B50D0E0F2691FA4D
:1095DC00A1F1B1FA81F144599B0006FA03F3890019
:1095EC0024EA03048A402243425170BD0346074AD1
:1095FC0010684BB1064A934201D1F8F7D1B9054A2C
:10960C00934201D1F8F7BCB9704700BF2400002089
:10961C0000300140003800402DE9F74F0E4615464A
:10962C001F460446002800F0FF808F49006EFAF7B1
:10963C008FF88E498146E06DFAF78AF88C4983469B
:10964C00606EFAF785F88B498046A06EFAF780F8C1
:10965C008246B9F1000F00F0E780BBF1000F00F07B
:10966C00E380B8F1000F00F0DF8059464846FAF766
:10967C0086F8514681464046FAF781F80146804605
:10968C004846FAF77CF8A065B9F1000F00F0CC80E1
:10969C00B8F1000F00F0C880002800F0C580A26E61
:1096AC009DF83030511C0CBF4FF400724FF48022E7
:1096BC00002B14BF00234FF48273A26120606360FF
:1096CC00FFF794FFB6EB500F64D2B6EB900F63D25A
:1096DC00B6EBD00F62D2B6EB101F61D2B6EB501FB7
:1096EC0060D2B6EB901F5FD2B6EBD01F2CBF3023ED
:1096FC003823E361002D59D0022D59D0013D18BFFC
:10970C00012501236D00C4E904530723E362B7FA72
:10971C0087F34FF000085B09DB01C4E908385249B4
:10972C00206EC4F80880C4F82880C4F80C80F9F7BF
:10973C00F7FF4E49E06DF9F7F3FF4D49606EF9F70D
:10974C00EFFF23694345636E18BF0126C3F3031271
:10975C0008BF0226042A8CBF4046474903F00F037A
:10976C0098BF51F82200454A52F8231091FAA1F201
:10977C000B0EB2FA82F2C5580F23920093402B4085
:10978C0091FAA1F20D0AAAB9022E20D1C36823EADC
:10979C00050326E00023ACE70823AAE71023A8E77B
:1097AC001823A6E72023A4E72823A2E72B46AAE741
:1097BC000023A8E7B2FA82F2022E4FEA820223FAC1
:1097CC0002F334D0042B02D10822FFF7F9FEC26851
:1097DC00012322EA050295FAA5F5B5FA85F5AB4009
:1097EC001343C3602349A06EF9F79AFF2368244AF8
:1097FC00934222D1234B9A6942F480529A619A691E
:10980C0002F480520092009ADA6842F48052DA60D4
:10981C00DA6822F48052DA602046F8F76AF9226896
:10982C00136843F04003136003B0BDE8F08F042BC2
:10983C00ACD10822FFF7C4FEA8E7134A9342EBD140
:10984C00104BDA6942F48042DA61DA6902F4804240
:10985C000192019A1A6942F480421A611A6922F43F
:10986C0080421A61D8E700BF5CAC00082CAC000841
:10987C00FCAB0008CCAB00080800002094B000083A
:10988C0000300140001002400038004010B5044682
:10989C0090B1F8F787F92368104A93420DD1104B19
:1098AC00DA6842F48052DA60DA6822F48052DA60C4
:1098BC009A6922F480529A6110BD0A4A9342FBD1F4
:1098CC00074B1A6942F480421A611A6922F48042E9
:1098DC001A61DA6922F48042DA61EDE70030014066
:1098EC0000100240003800402DE9F0410D461646AC
:1098FC001C4633B30768F7F7FBFB8046BB68990738
:10990C00FCD5D5B115F8013B3B73BB68DA07FCD528
:10991C003B7B0EB106F8013BF7F7EAFBA0EB080026
:10992C00B0F57A7F04F1FF3409D2002CE6D1204641
:10993C00BB681B06FCD4BDE8F081FF23E4E70120E3
:10994C00F6E70220F7E700002DE9F041C0F3C75518
:10995C007F3D162D044620F0004724DC002D804668
:10996C0014DB184F2F4138421AD01749F6F7ECFF89
:10997C000021F7F7ADFA98B1002C03DD4FF400038A
:10998C002B41984428EA0700BDE8F0810E49F6F710
:10999C00DBFF0021F7F79CFA10B1002C0EDB57B956
:1099AC002046BDE8F081B7F1FF4FF9D30146F6F739
:1099BC00CBFFBDE8F0814FF07E50F2E74FF0004056
:1099CC00EFE700BFFFFF7F00CAF249712DE9F041BC
:1099DC00C0F3C7557F3D162D044620F0004725DC0B
:1099EC00002D804614DB184F2F4138421BD01749ED
:1099FC00F6F7AAFF0021F7F76BFAA0B1002C03DAF7
:109A0C004FF400032B41984428EA0700BDE8F0818D
:109A1C000E49F6F799FF0021F7F75AFA18B1002C06
:109A2C000CDB002000E02046BDE8F081B7F1FF4FD1
:109A3C00F9D30146F6F788FFBDE8F08117B94FF06E
:109A4C000040F1E70248EFE7FFFF7F00CAF24971DF
:109A5C00000080BF062008B500F076FA0120FAF766
:109A6C0059FA0000024B0146186800F02DB800BFEF
:109A7C0080010020024B0146186800F02BBB00BF90
:109A8C008001002070B50F4E0C463168054611B9A7
:109A9C0000F0AAFA30602146284600F0A5FA431CD3
:109AAC0003D14FF0FF34204670BDC41C24F00304D6
:109ABC00A042F8D0211A284600F096FA0130F2D1D3
:109ACC00EFE700BF200900202DE9F843CD1C25F05D
:109ADC00030508350C2D38BF0C25002D064601DB7F
:109AEC00A94204D90C2333600020BDE8F883DFF8C9
:109AFC00D48000F069F8D8F800301C4644BB2946E5
:109B0C003046FFF7BFFF431C044658D1D8F800403D
:109B1C002746002F43D1002C4BD0236839463046C2
:109B2C0004EB030900F060FA814542D1216830460C
:109B3C006D1A2946FFF7A6FF01303AD023682B4453
:109B4C002360D8F800305A6862BBC8F800700FE088
:109B5C002268521B20D40B2A17D96119A342256005
:109B6C0018BF5960636808BFC8F8001062514B6099
:109B7C00304600F02FF804F10B00231D20F00700F5
:109B8C00C21A1CBF1B1AA350AFE76268A3420CBFDA
:109B9C00C8F800205A60EBE723466468AEE73C4601
:109BAC007F68B6E71A465B68A342FBD1002353607B
:109BBC00DEE70C233046336000F00CF894E70560C8
:109BCC00D6E700BF24090020014800F054BA00BFBA
:109BDC00680A0020014800F04FBA00BF680A002054
:109BEC0038B5104B04461D682B6BB3B91820FFF722
:109BFC0039FF0246286320B946210B4B0B4800F075
:109C0C004BFA0B490B4BC0E900130B4B0021836043
:109C1C000B2383810120C2E9040100222B6B1C6100
:109C2C005A6138BD800100203FB8000856B80008C2
:109C3C000E33CDAB34126DE6ECDE0500164B10B5D1
:109C4C001C68236BB3B91820FFF70CFF0246206386
:109C5C0020B95221114B124800F01EFA1149124B37
:109C6C00C0E90013114B002183600B238381012079
:109C7C00C2E90401216B0E480B694C6958430D4A2B
:109C8C0002FB0400A3FB0232013340EB0200C1E9EA
:109C9C00043020F0004010BD800100203FB80008C7
:109CAC0056B800080E33CDAB34126DE6ECDE050071
:109CBC002DF451582D7F954C002310B50446C0E966
:109CCC000033C0E90433836081814366C2818361C0
:109CDC00194608225C3000F0F4F80D4B24626362E4
:109CEC000C4BA3620C4BE3620C4B23630C4B9C425E
:109CFC0006D003F16802944202D0D0339C4205D1C5
:109D0C0004F15800BDE8104000F0B4B910BD00BF1C
:109D1C00499E00086B9E0008A39E0008C79E000881
:109D2C0028090020024A0349034800F069B800BF23
:109D3C0074010020ADA500088401002041680C4B83
:109D4C0010B59942044601D000F02AFCA168094BD9
:109D5C00994202D0204600F023FCE168064B994260
:109D6C0004D02046BDE8104000F01ABC10BD00BF66
:109D7C002809002090090020F809002010B50B4B91
:109D8C000B4C0C4A20461A6004210022FFF794FF6A
:109D9C0004F1680001220921FFF78EFF04F1D000C5
:109DAC000222BDE810401221FFF786BF600A002096
:109DBC0028090020319D0008014800F05CB900BF63
:109DCC00690A0020014800F057B900BF690A002059
:109DDC0010B50446FFF7F0FF236A1BB1BDE8104035
:109DEC00FFF7F0BF044B2362044B1B68002BF5D12B
:109DFC00FFF7C4FFF2E700BF499D0008600A00208E
:109E0C002DE9F8430746884614460026D4E9019507
:109E1C00B9F1010905D52468002CF7D13046BDE80D
:109E2C00F883AB89012B07D9B5F90E30013303D078
:109E3C0029463846C04706436835E9E710B50C4655
:109E4C00B1F90E1000F0AAF80028ABBF636DA3891E
:109E5C001B1823F48053ACBF6365A38110BD2DE99F
:109E6C00F0411F468B890546DB050C46164605D589
:109E7C0002230022B1F90E1000F07EF8A3893246BD
:109E8C0023F48053A38128463B46B4F90E10BDE859
:109E9C00F04100F0B9B810B50C46B1F90E1000F055
:109EAC006BF8431CA38915BF606523F4805343F4FE
:109EBC008053A38118BFA38110BDB1F90E1000F01F
:109ECC004BB803460244934200D1704703F8011B80
:109EDC00F9E710B56AB10139841810F8012B11F8A3
:109EEC00013F9A4203D1A04201D0002AF5D1D01AE9
:109EFC0010BD1046FCE71F2938B505460C4604D9A1
:109F0C00162303604FF0FF3038BDC26B12B152F80C
:109F1C0021304BB9284600F065F822460146284608
:109F2C00BDE8384000F04CB8012B0AD0591C03D1C5
:109F3C00162303600120E7E70021204642F8241095
:109F4C0098470020E0E70000024B01461868FFF735
:109F5C00D2BF00BF8001002038B50023054D044658
:109F6C0008462B60F9F7C8FF431C02D12B6803B1DC
:109F7C00236038BD640A002038B5044608461146F3
:109F8C000022054D2A601A46F9F7C0FF431C02D186
:109F9C002B6803B1236038BD640A002038B5044631
:109FAC00084611460022054D2A601A46F9F7B0FF03
:109FBC00431C02D12B6803B1236038BD640A002016
:109FCC0038B50023064D0446084611462B60F9F7B8
:109FDC00A3FF431C02D12B6803B1236038BD00BF23
:109FEC00640A0020F9F7A0BF38B50023054D0446DC
:109FFC0008462B60F9F762FF431C02D12B6803B1B2
:10A00C00236038BD640A002038B504460846114662
:10A01C000022054D2A601A46FEF75EFD431C02D154
:10A02C002B6803B1236038BD640A002070B500268C
:10A03C000C4D0D4C641BA410A64209D100F050FD30
:10A04C0000260A4D0A4C641BA410A64205D170BD13
:10A05C0055F8043B98470136EEE755F8043B984712
:10A06C000136F2E744B9000844B9000844B90008C5
:10A07C0064B900087047704770470A44914200F178
:10A08C00FF3300D1704710B511F8014B914203F822
:10A09C00014FF9D110BD00001FB514461A46094BEB
:10A0AC0005461B68D86854B9074B1C46CDE90134EA
:10A0BC0000912B46054900F09BFAFFF7CBFC044BB3
:10A0CC00F4E700BF800100205FB60008D8B8000894
:10A0DC00CBB8000838B50546002940D051F8043CEF
:10A0EC000C1F002BB8BFE418FFF76EFD1C4A136859
:10A0FC0033B9636014602846BDE83840FFF76ABD89
:10A10C00A34208D9206821188B4201BF19685B68EB
:10A11C0009182160EDE71A465B680BB1A342FAD926
:10A12C0011685018A0420BD120680144501883428A
:10A13C001160E0D118685B68084410605360DAE77E
:10A14C0002D90C232B60D6E7206821188B4201BF63
:10A15C0019685B680918216063605460CBE738BDEF
:10A16C00240900202DE9F047164698468A680B69A9
:10A17C0007469342B8BF1346336091F843200C4610
:10A18C00DDF820900AB1013333602368990642BF91
:10A19C00336802333360256815F0060506D104F1E7
:10A1AC00190AE36832689B1AAB422BDC94F84330F3
:10A1BC002268003B18BF0123920630D44146384632
:10A1CC0004F14302C847013023D02368226903F00D
:10A1DC000603042B14BF002533684FF0000608BF9C
:10A1EC00E56804F11A0408BFED1A54F8123C08BFD4
:10A1FC0025EAE5759342C4BF9B1AED18B5421AD1F6
:10A20C00002008E00123524641463846C847013039
:10A21C0003D14FF0FF30BDE8F0870135C1E73020A6
:10A22C00E11881F843005A1C94F84510224402337B
:10A23C0082F84310C2E70123224641463846C847FC
:10A24C000130E6D00136D9E72DE9FF470F7E914664
:10A25C00782F80460C469A460C9E01F1430207D893
:10A26C00622F0AD8002F00F0DD80582F00F0C38039
:10A27C0004F1420684F842703AE0A7F16303152B0F
:10A28C00F6D801A151F823F0EDA2000801A30008B3
:10A29C007DA200087DA200087DA200087DA2000816
:10A2AC0001A300087DA200087DA200087DA2000881
:10A2BC007DA2000817A400088FA30008CFA30008F4
:10A2CC007DA200087DA2000839A400087DA2000828
:10A2DC008FA300087DA200087DA20008D7A3000868
:10A2EC0033681A1D1B68326004F1420684F8423050
:10A2FC000123A8E031682368081D30601E0601D5D3
:10A30C000D6803E05D06FBD5B1F90050002D6168C6
:10A31C0078DA2D20002984F84300A1602DDA0A2375
:10A32C005D486D421646B5FBF3F103FB1157C75D53
:10A33C0006F8017D2F46BB420D46F4D9082B0BD1F4
:10A34C002368DF0708D5236961689942DEBF302393
:10A35C0006F8013C06F1FF36921B22614B46214662
:10A36C004046CDF800A003AAFFF7FCFE01306FD1E8
:10A37C004FF0FF3004B0BDE8F08723F004032360F6
:10A38C00CDE721683368080653F8045B02D449060C
:10A39C0048BFADB26F2F336014BF0A2308233E4869
:10A3AC00002184F843106668002EA660BADB216891
:10A3BC0021F004012160002DB4D1002EB2D116463B
:10A3CC00BCE7236843F0200323607827334884F8E4
:10A3DC004570236831681F0651F8045B02D45F0690
:10A3EC0048BFADB23160D90744BF43F020032360AE
:10A3FC001DB11023D4E72848E9E7236823F0200394
:10A40C002360F6E70A232448CDE733682568181D36
:10A41C00616930602E061B6801D5196002E0680680
:10A42C00FBD5198000231646236197E7336800217A
:10A43C001A1D32601E686268304600F0EBF808B1F5
:10A44C00801B606063682361002384F8433085E7D8
:10A45C003246494640462369D047013088D02368AC
:10A46C009B0714D4E068039B9842B8BF184681E759
:10A47C000123324649464046D04701303FF478AF7D
:10A48C000135E36803995B1AAB42F1DCEAE700257E
:10A49C0004F11906F5E700BF07B9000818B9000860
:10A4AC00B1F90C20F8B5170705460C4656D44B6885
:10A4BC00002B02DC0B6C002B3DDDE66A002E3AD043
:10A4CC00002312F480522F68216A2B6025D0626D14
:10A4DC00A389580705D56368D21A636B0BB1236C3B
:10A4EC00D21A216A00232846E66AB047411C24D0C0
:10A4FC000023636023692360A389DA0400D56065B7
:10A50C00616B2F60B9B104F14403994202D0284623
:10A51C00FFF7E0FD002363630DE001232846B047FD
:10A52C00461C0246D4D12B68002BD1D01D2B01D058
:10A53C00162B2AD12F6000202EE02A68B4F90C309B
:10A54C0042B11D2A01D0162A21D100236360236950
:10A55C002360D5E7626022692260CEE70F69002F85
:10A56C00E9D0930718BF00230E6808BF4B69F61B90
:10A57C000F608B60002EDEDD33463A462846216A9A
:10A58C00D4F828C0E047002807DCB4F90C304FF0B1
:10A59C00FF3043F04003A381F8BD0744361AE9E7C6
:10A5AC0038B50B6905460C4613B90025284638BD4D
:10A5BC0018B1036A0BB9FFF70BFCB4F90C30002B84
:10A5CC00F3D0626ED00704D4990502D4A06DFFF7C6
:10A5DC0052FD28462146FFF763FF636E0546DA07F6
:10A5EC00E4D4A3899B05E1D4A06DFFF745FDDDE71D
:10A5FC000EB403B5014603AB054853F8042B0068B1
:10A60C00019300F03DF802B05DF804EB03B0704725
:10A61C0080010020034610B5C9B20244934218468B
:10A62C0001D1002003E0047801338C42F6D110BD37
:10A63C00936810B4013B002B936007DA9469A34232
:10A64C0001DB0A2902D110BC00F032B91368581C86
:10A65C0010601970084610BC7047F8B506460F46D6
:10A66C001446D518AC4201D1002007E03A463046DA
:10A67C0014F8011BFFF7DCFF431CF3D1F8BD0000FD
:10A68C002DE9F04F0D461446984606469DB018B17C
:10A69C00036A0BB9FFF79CFB6B6ED90705D4AB892A
:10A6AC009A0502D4A86DFFF7E6FCAB891B0701D510
:10A6BC002B699BB92946304600F038F970B16B6EA6
:10A6CC00DC0704D54FF0FF301DB0BDE8F08FAB892F
:10A6DC009805F7D4A86DFFF7CFFCF3E70023099397
:10A6EC0020238DF8293030234FF00109CDF80C8050
:10A6FC00DFF8A8818DF82A3023469A4613F8012BEF
:10A70C000AB1252AF9D1BAEB040B0BD05B462246D1
:10A71C0029463046FFF7A1FF013000F0A780099AC7
:10A72C005A4409929AF80030002B00F09F800023C5
:10A73C004FF0FF32CDE905230AF1010A0493079388
:10A74C008DF853301A935446052214F8011B5348C4
:10A75C00FFF760FF049AD8B9D10644BF20238DF8C7
:10A76C005330130744BF2B238DF853309AF8003025
:10A77C002A2B15D0544600204FF00A0C079A21467C
:10A78C0011F8013B303B092B4BD9B0B1079214E0C7
:10A79C00A0EB080309FA03F31343A2460493D2E790
:10A7AC00039B191D1B680391002BBBBF5B4242F03E
:10A7BC00020207930793B8BF049223782E2B0AD179
:10A7CC0063782A2B32D1039B02341A1D1B68039227
:10A7DC0043EAE3730593DFF8C8A0032250462178BF
:10A7EC00FFF718FF38B14022049BA0EB0A0082400F
:10A7FC0013430134049314F8011B062229488DF8E5
:10A80C002810FFF707FF00283FD0274B1BBB039BEB
:10A81C00073323F0070308330393099B3B44099345
:10A82C006AE70C4601200CFB0232A8E700234FF02C
:10A83C000A0C194601340593204610F8012B303AC6
:10A84C00092A03D9002BC6D00591C4E7044601237D
:10A85C000CFB0121F0E703AB00932A463046134B67
:10A86C0004A9AFF300800746781CD6D16B6ED907CC
:10A87C0005D4AB899A0502D4A86DFFF7FDFBAB8913
:10A88C005B063FF51FAF09981EE703AB00932A4602
:10A89C003046064B04A9FFF7D7FCE4E729B90008BA
:10A8AC002FB9000833B900080000000067A60008A3
:10A8BC00F8B50E461446054618B1036A0BB9FFF7F6
:10A8CC0087FAA369A360A3891A0701D5236943B941
:10A8DC002146284600F02AF818B14FF0FF373846C9
:10A8EC00F8BD23682269F6B2981A63693746834229
:10A8FC0005DC21462846FFF753FE0028EDD1A3685E
:10A90C00013BA36023685A1C22601E706269431CC1
:10A91C009A4204D0A389DB07E1D50A2EDFD1214668
:10A92C002846FFF73DFE0028D9D0D6E738B5294B8D
:10A93C00054618680C4618B1036A0BB9FFF748FABC
:10A94C00B4F90C30190722D4DA0607D409222A608C
:10A95C0043F040034FF0FF30A38133E0580712D58A
:10A96C00616B41B104F14403994202D02846FFF7D0
:10A97C00B1FB00236363A38923F02403A381002389
:10A98C00636023692360A38943F00803A3812369CF
:10A99C004BB9A38903F42073B3F5007F03D0214690
:10A9AC00284600F03EF8B4F90C3013F001020AD03E
:10A9BC000022A26062695242A261226942B913F07C
:10A9CC008000C5D138BD990758BF6269A260F4E711
:10A9DC000020F7E78001002070B50C46B1F90E108D
:10A9EC00154600291E4696B00CDAA389002113F0F7
:10A9FC00800F14BF40234FF48063002031602B6024
:10AA0C0016B070BD6A4600F049F80028EDDB0199DC
:10AA1C0001F47041A1F50053594259414FF4806340
:10AA2C00EBE78B89F7B59D0706460C4607D504F175
:10AA3C004703236023610123636103B0F0BD6A46C1
:10AA4C0001ABFFF7C9FF009F054639463046FFF7BB
:10AA5C003BF848B9B4F90C309A05EED423F0030353
:10AA6C0043F00203A381E2E7A389C4E9040743F09E
:10AA7C008003A381019B20605BB13046B4F90E10BA
:10AA8C0000F01EF828B1A38923F0030343F001035F
:10AA9C00A381A3891D43A581CFE7000038B500230E
:10AAAC00064D0446084611462B60F9F728FA431C5C
:10AABC0002D12B6803B1236038BD00BF640A0020AB
:10AACC0038B50023054D044608462B60F9F71CFAEF
:10AADC00431C02D12B6803B1236038BD640A0020EB
:10AAEC00F8B500BFF8BC08BC9E467047F8B500BF6F
:08AAFC00F8BC08BC9E4670473F
:10AB04000000FFFF000080000000000008000800B3
:10AB14000000000000000000E8030000FFFFFFFF4A
:10AB2400FFFFFFFFFFFFFFFFFFFFFFFFFFFFFFFF31
:10AB34000000D9430000FA420907120A0800000085
:10AB44000000D9439A9999400000A0400000FA42BD
:10AB54000A0010000000D9439A9999400A000000A5
:10AB6400FFFFFFFF000000008001000080010000E3
:10AB740012AD101B000000000101000001000100E3
:10AB840000000100010000005000B000180178012D
:10AB9400B0021803C8053006300C980C0000000001
:10ABA4003500420055006B008400AB00D70008015B
:10ABB4005601AE011002AC025C0320045805B50630
:10ABC4003C08AC0A640D6B10040000000030014026
:10ABD400120200000F0000000030014012010000CA
:10ABE4001C0000000038004012000000FFFFFFFFBF
:10ABF40000000000000000000500000000300140DB
:10AC04001202000013000000003001401201000095
:10AC14001D0000000038004012000000FFFFFFFF8D
:10AC240000000000000000000600000000300140A9
:10AC34001202000014000000003001401201000064
:10AC44001E0000000038004012000000FFFFFFFF5C
:10AC54000000000000000000070000000030014078
:10AC64001202000015000000003001401201000033
:10AC74001F0000000038004012000000FFFFFFFF2B
:10AC8400000000000000000000000000004400403C
:10AC9400120000000B000000003801401200000008
:10ACA4001D00000000480040120B00001D010000C0
:10ACB40000480040120A0000FFFFFFFF00000000F0
:10ACC40000000000010000000044004012080000E1
:10ACD4000C00000000380140120000001E000000BB
:10ACE40000480040120000001E010000004800401F
:10ACF400120A0000FFFFFFFF000000000000000038
:10AD04000300000000440040100800000A00000096
:10AD14000038014010060000170000000038014010
:10AD2400100500001B000000004800401000000057
:10AD3400FFFFFFFF00000000000000000200000011
:10AD440000440040120800000900000000380140DF
:10AD54001206000016000000003801401205000031
:10AD64001A0000000048004012000000FFFFFFFF2F
:10AD7400000000000000000000000000000000408F
:10AD8400128000000001000000000040129000004A
:10AD94000100000000000040121201000101000047
:10ADA40000000040121001000200000000000040FA
:10ADB4001292010002010000000000401291010003
:10ADC4000300000000000040121202000301000012
:10ADD40000000040121102000600000000040040C0
:10ADE4001295000007000000002C0140128D100095
:10ADF40007010000000400401215010008000000D3
:10AE0400002C0140128E000008010000002C0140BB
:10AE1400128D000009000000002C0140120E0100F8
:10AE240009010000002C0140120D01000A0000007D
:10AE3400002C0140128E01000A010000002C014088
:10AE4400128D01000B000000002C0140120E0200C4
:10AE54000B010000002C0140120D02000F00000045
:10AE640000000040129100000F01000000000040AB
:10AE7400128F000010000000002C0140120D110080
:10AE840010010000000400401295010010020000AF
:10AE9400000400401294010011000000002C014045
:10AEA400128D11001101000000040040121502006F
:10AEB40011020000000400401214020013000000FC
:10AEC40000000040121101001301000000000040C6
:10AED400120F01001400000000040040129400004E
:10AEE40015000000000400401214010016000000C8
:10AEF40000080040129700001700000000080040FE
:10AF04001217010018000000000800401297010009
:10AF14001900000000080040121702001A00000087
:10AF240000000040129001001A01000000000040DF
:10AF3400128F01001B0000000000004012100200EC
:10AF44001B01000000000040120F02001D00000061
:10AF5400002C0140128E10001E000000002C014045
:10AF6400120E11001F000000002C0140128E11006F
:10AF7400FFFFFFFF000000000000000014000000BD
:10AF84001500000016000000170000001800000063
:10AF9400190000001A0000001B0000001C00000043
:10AFA4001D00000019000000180000001700000038
:10AFB400160000001500000014000000130000003B
:10AFC4000F0000000C0000000B0000000A0000004D
:10AFD40009000000080000001F0000001E0000001F
:10AFE4001D0000001C0000002D0000002E000000C9
:10AFF4002F0000000000000001000000020000001B
:10B00400030000000400000005000000060000002A
:10B014000700000010000000110000001A000000EA
:10B024001B000000120000000D0000000E000000D4
:10B03400010202030405060708090A0B0C0D0E0F92
:10B04400101002010403020408100400400000046C
:10B0540001000000020000000400000008000000DD
:10B0640010000000200000004000000080000000EC
:10B0740000010000000200000004000000080000BD
:10B0840000100000002000000040000000800000CC
:10B09400010100000202000004040000080800008E
:10B0A40010100000202000004040000080800000BC
:10B0B400010001040200020404000404080008045E
:10B0C400100010042000200440004004800080048C
:10B0D4000000000001020304000000000000000062
:10B0E40001020304060708093D3D3D2052657065D1
:10B0F40061746572204C6F5261202853544D333271
:10B1040046313033202B20535831323632292063D4
:10B114006F6D7061746976656C20636F6D204D6529
:10B124007368746173746963203D3D3D004E6F64C0
:10B13400652049442028756C74696D6F20627974A8
:10B14400652C20757361646F20656D2072656C6178
:10B15400795F6E6F6465293A2030780046616C68C7
:10B164006120616F20696E6963696172205358318F
:10B174003236322C20636F6469676F3A200056655B
:10B1840072696669717565206F732070696E6F737B
:10B19400204E53532F52455345542F425553592F44
:10B1A40044494F31206E6F20746F706F20646F209C
:10B1B4006172717569766F2E00536C6F74207469B7
:10B1C4006D652063616C63756C61646F3A20002067
:10B1D4006D730046616C686120616F20696E6963FC
:10B1E40069617220726563657063616F20636F6E5D
:10B1F40074696E75612C20636F6469676F3A20000F
:10B204004F7576696E646F20656D2000204D487A15
:10B2140020284C6F6E6746617374202F2042525F62
:10B22400393032292E2E2E0052582066726F6D3D11
:10B2340030780020746F3D3078002069643D3078A8
:10B244000020686F703D002F002063683D30780057
:10B2540020736E723D0020727373693D00206C652B
:10B264006E3D0020202D3E20686F705F6C696D6913
:10B27400743D302C206E616F2072657472616E7340
:10B284006D6974650020202D3E206A612076697303
:10B29400746F2C2069676E6F72616E646F2028640E
:10B2A40065647570290020202D3E207265747261DA
:10B2B4006E736D6974696E646F20656D2000202063
:10B2C4002D3E204552524F20616F20696E6963699B
:10B2D4006172207472616E736D697373616F2C2077
:10B2E400636F6469676F3A200020202D3E207265E9
:10B2F4007472616E736D697469646F204F4B0020C2
:10B30400202D3E204552524F3A2074696D656F7569
:10B3140074206573706572616E646F2054585F4465
:10B324004F4E452028327329000000000000000021
:10B3340000000000A94C0008BF4D0008B14D0008F2
:10B34400A34D0008954D0008554D0008474D0008D1
:10B35400414D0008354C00083D4D0008394D0008AA
:10B36400274D0008C14C00081D4D0008CF4C0008B3
:10B37400174D0008C94C0008AB4C0008CD4D00081F
:10B38400054D0008F54C0008F14C00085D4C000820
:10B394007186000853583132363100000000000035
:10B3A400000000001D50000827510008055C00083B
:10B3B400CD6F0008137000081D7000083952000892
:10B3C40055830008DD58000825830008C757000886
:10B3D4001D6300088D5D0008ED550008DB5500086D
:10B3E400BD510008C978000849780008157C000898
:10B3F400D17E0008E77E00080D520008594F00086E
:10B404006B7C0008AD77000895790008657A000820
:10B414002D5E00083D5D00089D5800087952000823
:10B42400795400080D5400083B56000827560008BC
:10B43400255400085552000821580008E95700080F
:10B4440015520008D5590008655600082F54000805
:10B454009B570008AD750008B5750008AD75000868
:10B46400B5750008AD750008B5750008814F000872
:10B47400B15500088D5F00082D57000837540008A7
:10B484005D7500088D750008BD7500088976000893
:10B49400FF7100081F500008254E00087550000871
:10B4A400894E0008B7500008E14E0008ED5000082E
:10B4B400214F000822FB1200110321001106210371
:10B4C40022021406110B120B110E120E1114111676
:10B4D400220B13152111240D2114211622152315D5
:10B4E4004113411433145213611652165316631642
:10B4F4006416741600000000000000007554000873
:10B50400B7570008055C0008CD6F000813700008E9
:10B514001D7000083952000855830008DD580008E2
:10B5240025830008C75700081D6300088D5D0008C7
:10B53400ED550008DB550008C3820008C9780008EF
:10B5440049780008157C0008D17E0008E77E0008D1
:10B55400CF820008D58200086B7C0008AD77000814
:10B5640095790008657A00082D5E00083D5D0008A5
:10B574009D58000879520008795400080D540008B9
:10B584003B56000827560008255400085552000869
:10B5940021580008E957000815520008D559000839
:10B5A400655600082F5400089B570008AD75000825
:10B5B400B5750008AD750008B5750008AD750008CF
:10B5C400B5750008B1820008B15500088D5F000808
:10B5D4002D570008375400085D7500088D75000864
:10B5E400BD75000889760008FF710008212D3033ED
:10B5F4003639000F060300122436480416283A4C44
:10B60400081A2C3E0C1E30421022344601132537F2
:10B61400490517293B4D091B2D3F0D1F31431123AC
:10B624003547021426384A06182A3C4E0A1C2E4076
:10B634000E203244031527394B07192B3D4F0B1DA0
:10B644002F410F2133451F170F1E160E1D150D1CFC
:10B65400140C1B130B1A120A191109000000000024
:10B6640000000000000000000000000097820008B5
:10B67400A3820008A9820008B1820008A3820008FE
:10B68400558300089D82000825830008A3820008D2
:10B69400A3820008B7820008BD820008A3820008C4
:10B6A400C3820008C3820008C3820008B182000874
:10B6B400B1820008C9820008CF820008D582000840
:10B6C400B7820008BD820008DB820008DB82000824
:10B6D400EB820008F1820008F1820008F982000878
:10B6E400058300080583000809830008BD8200085B
:10B6F400BD820008A38200080F830008A38200080B
:10B70400A38200080F83000815830008198300082A
:10B714001B830008198300081D830008198300088F
:10B724001D830008198300081D830008B1820008E6
:10B734000F8300081F830008A38200080000000094
:10B74400302112031203302103122130213003125D
:10B75400437034072516526152612516340743702D
:10B76400073470436152162516256152704307341D
:10B77400340743705261251625165261437034070D
:10B7840070430734162561526152162507347043FD
:10B7940000000000000000000000000000000000A5
:10B7A4000000000000000000000000000000000095
:10B7B4000000000000000000000000000000000085
:10B7C4000000000000000000000000000000000075
:10B7D4000000000000000000000000006786000870
:10B7E40067860008698600086B860008678600087B
:10B7F4006D86000871860008060007000800000036
:10B804000000000000000000EB8600089987000893
:10B81400CF8600087B890008A5860008498A0008AD
:10B82400B58600081D8D00083F8D00080D0A006EC6
:10B83400616E00696E66006F7666005245454E542F
:10B84400206D616C6C6F63207375636365656465FB
:10B8540064002F5F5F772F61726D2D6E6F6E652DA3
:10B86400656162692D6763632D787061636B2F6115
:10B87400726D2D6E6F6E652D656162692D676363F0
:10B884002D787061636B2F6275696C642F77696EB4
:10B8940033322D7836342F736F75726365732F6E60
:10B8A40065776C69622D63796777696E2F6E65774A
:10B8B4006C69622F6C6962632F7374646C69622FA4
:10B8C40072616E642E63002C2066756E6374696FFA
:10B8D4006E3A2000617373657274696F6E2022255D
:10B8E4007322206661696C65643A2066696C652020
:10B8F400222573222C206C696E652025642573250E
:10B90400730A0030313233343536373839414243E3
:10B914004445460030313233343536373839616284
:10B924006364656600232D302B2000686C4C006531
:08B9340066674546470000006C
:08B93C006C56FF7F01000000C2
:10B94400C1900008DD0F00083D32000835440008AE
:10B954007D6F000831850008798A0008B1950008D8
:08B96400B90F000815330008BB
:10B96C00010000001000000000080140000C014024
:10B97C00001001400014014000180140003002404A
:10B98C000000000000127A0000000000000000001F
:10B99C00000000000000000000000000000000009B
:10B9AC00000000000000000000000000000000008B
:10B9BC00000000000000000000000000000000007B
:10B9CC00000000000000000000000000000000006B
:10B9DC00000000000000000000000000FFFFFFFF5F
:10B9EC00FFFFFFFFFFFFFFFFFFFFFFFF0003000054
:10B9FC00000000000000000000000000000000003B
:10BA0C0000000000700A002001000000000000008F
:10BA1C00000000000000000000000000000000001A
:10BA2C000200000000000000000000000000000008
:10BA3C0000000000000000000300000000000000F7
:10BA4C0000000000000000000000000000000000EA
:10BA5C0000000000000000000000000000000000DA
:10BA6C0000000000000000000D0A526164696F4C78
:10BA7C00696220496E666F0A56657273696F6E3A19
:10BA8C00202022372E372E312E30220D0A506C6199
:10BA9C0074666F726D3A202241726475696E6F2004
:10BAAC0053544D333220286F6666696369616C2983
:10BABC00220D0A224A756C20313220323032362265
:10BACC00202231383A32393A31322200FFFFFFFF5F
:10BADC000000000000000000030000002809002006
:10BAEC00840100200000000028090020900900209B
:10BAFC00F809002000000000000000000000000019
:10BB0C000000000000000000000000000000000029
:10BB1C000000000000000000000000000000000019
:10BB2C000000000000000000000000000000000009
:04000005080090E57A
:00000001FF
