:020000040800F2
:1000000000500020A1900008E9900008E990000845
:10001000E9900008E9900008E9900008000000005D
:10002000000000000000000000000000E99000084F
:10003000E990000800000000E9900008932F0008F4
:10004000E9900008E9900008E9900008E9900008AC
:10005000E9900008E99000081D31000823310008EC
:10006000293100082F31000835310008E9900008D7
:10007000E9900008E9900008E9900008E99000087C
:10008000E9900008E9900008E9900008E99000086C
:10009000E9900008E9900008E99000083B31000869
:1000A000E99000089D2C0008E9900008B12C000898
:1000B000B52C0008C92C0008DD2C0008E9900008C8
:1000C000E9900008E9900008E9900008E99000082C
:1000D000E9900008793E0008913E0008AD3E000816
:1000E00051310008E9900008E99000080000000084
:1000F0000000000000000000000000000000000000
:0C01000000000000000000005FF808F1A3
:10010C0081F0004102E000BF83F0004330B54FEABC
:10011C0041044FEA430594EA050F08BF90EA020F29
:10012C001FBF54EA000C55EA020C7FEA645C7FEABC
:10013C00655C00F0E2804FEA5454D4EB5555B8BFDF
:10014C006D420CDD2C4480EA020281EA030382EA50
:10015C00000083EA010180EA020281EA0303362DE2
:10016C0088BF30BD11F0004F4FEA01314FF4801CB5
:10017C004CEA113102D0404261EB410113F0004FC7
:10018C004FEA03334CEA133302D0524263EB43037E
:10019C0094EA050F00F0A780A4F10104D5F1200E1C
:1001AC000DDB02FA0EFC22FA05F2801841F1000177
:1001BC0003FA0EF2801843FA05F359410EE0A5F14B
:1001CC0020050EF1200E012A03FA0EFC28BF4CF07C
:1001DC00020C43FA05F3C01851EBE37101F0004532
:1001EC0007D54FF0000EDCF1000C7EEB00006EEB3F
:1001FC000101B1F5801F1BD3B1F5001F0CD34908C9
:10020C005FEA30004FEA3C0C04F101044FEA44521F
:10021C0012F5800F80F09A80BCF1004F08BF5FEAA6
:10022C00500C50F1000041EB045141EA050130BD86
:10023C005FEA4C0C404141EB0101013C28BFB1F598
:10024C00801FE9D291F0000F04BF01460020B1FAE3
:10025C0081F308BF2033A3F10B03B3F120020CDAB6
:10026C000C3208DD02F1140CC2F10C0201FA0CF094
:10027C0021FA02F10CE002F11402D8BFC2F1200CF9
:10028C0001FA02F120FA0CFCDCBF41EA0C019040AF
:10029C00E41AA2BF01EB0451294330BD6FEA0404F8
:1002AC001F3C1CDA0C340EDC04F11404C4F12002E3
:1002BC0020FA04F001FA02F340EA030021FA04F3F5
:1002CC0045EA030130BDC4F10C04C4F1200220FA4C
:1002DC0002F001FA04F340EA0300294630BD21FA8A
:1002EC0004F0294630BD94F0000F83F4801306BF50
:1002FC0081F480110134013D4EE77FEA645C18BF44
:10030C007FEA655C29D094EA050F08BF90EA020FDA
:10031C0005D054EA000C04BF1946104630BD91EAD2
:10032C00030F1EBF0021002030BD5FEA545C05D1D5
:10033C004000494128BF41F0004130BD14F5800414
:10034C003CBF01F5801130BD01F0004545F0FE4188
:10035C0041F470014FF0000030BD7FEA645C1ABFBD
:10036C00194610467FEA655C1CBF0B46024650EAF4
:10037C00013406BF52EA033591EA030F41F4002120
:10038C0030BD00BF90F0000F04BF0021704730B5A6
:10039C004FF4806404F132044FF000054FF000017B
:1003AC0050E700BF90F0000F04BF0021704730B53C
:1003BC004FF4806404F1320410F0004548BF404211
:1003CC004FF000013EE700BF42004FEAE2014FEA66
:1003DC0031014FEA02701FBF12F07F4393F07F4F41
:1003EC0081F06051704732F07F4208BF704793F044
:1003FC007F4F04BF41F40021704730B54FF4607457
:10040C0001F0004521F000411CE700BF50EA010259
:10041C0008BF704730B54FF000050AE050EA010202
:10042C0008BF704730B511F0004502D5404261EB72
:10043C0041014FF4806404F132045FEA915C3FF4B3
:10044C00D8AE4FF003025FEADC0C18BF03325FEA50
:10045C00DC0C18BF033202EBDC02C2F1200300FA01
:10046C0003FC20FA02F001FA03FE40EA0E0021FA26
:10047C0002F11444BDE600BF70B54FF0FF0C4CF414
:10048C00E06C1CEA11541DBF1CEA135594EA0C0FC6
:10049C0095EA0C0F00F0DEF82C4481EA030621EA01
:1004AC004C5123EA4C5350EA013518BF52EA03353C
:1004BC0041F4801143F4801338D0A0FB02CE4FF0EE
:1004CC000005E1FB02E506F00042E0FB03E54FF01E
:1004DC000006E1FB03569CF0000F18BF4EF0010E16
:1004EC00A4F1FF04B6F5007F64F5407404D25FEA12
:1004FC004E0E6D4146EB060642EAC62141EA5551C5
:10050C004FEAC52040EA5E504FEACE2EB4F1FD0C06
:10051C0088BFBCF5E06F1ED8BEF1004F08BF5FEA84
:10052C00500E50F1000041EB045170BD06F0004636
:10053C0046EA010140EA020081EA0301B4EB5C04E3
:10054C00C2BFD4EB0C0541EA045170BD41F48011DB
:10055C004FF0000E013C00F3AB8014F1360FDEBF00
:10056C00002001F0004170BDC4F10004203C35DADC
:10057C000C341BDC04F11404C4F1200500FA05F35F
:10058C0020FA04F001FA05F240EA020001F0004200
:10059C0021F0004110EBD37021FA04F642EB060176
:1005AC005EEA430E08BF20EAD37070BDC4F10C04A0
:1005BC00C4F1200500FA04F320FA05F001FA04F264
:1005CC0040EA020001F0004110EBD37041F1000150
:1005DC005EEA430E08BF20EAD37070BDC4F120055B
:1005EC0000FA05F24EEA020E20FA04F301FA05F2C3
:1005FC0043EA020321FA04F001F0004121FA04F26B
:10060C0020EA020000EBD3705EEA430E08BF20EA3A
:10061C00D37070BD94F0000F0FD101F00046400074
:10062C0041EB010111F4801F08BF013CF7D041EAF6
:10063C00060195F0000F18BF704703F000465200FA
:10064C0043EB030313F4801F08BF013DF7D043EACB
:10065C000603704794EA0C0F0CEA135518BF95EA81
:10066C000C0F0CD050EA410618BF52EA4306D1D108
:10067C0081EA030101F000414FF0000070BD50EA27
:10068C00410606BF1046194652EA430619D094EAB1
:10069C000C0F02D150EA013613D195EA0C0F05D19B
:1006AC0052EA03361CBF104619460AD181EA0301EF
:1006BC0001F0004141F0FE4141F470014FF00000A7
:1006CC0070BD41F0FE4141F4780170BD70B54FF042
:1006DC00FF0C4CF4E06C1CEA11541DBF1CEA1355C2
:1006EC0094EA0C0F95EA0C0F00F0A7F8A4EB0504A4
:1006FC0081EA030E52EA03354FEA013100F088809B
:10070C004FEA03334FF0805545EA131343EA126363
:10071C004FEA022245EA111545EA10654FEA002618
:10072C000EF000419D4208BF964244F1FD0404F5D1
:10073C00407402D25B084FEA3202B61A65EB03052D
:10074C005B084FEA32024FF480104FF4002CB6EBEA
:10075C00020E75EB030E22BFB61A754640EA0C006A
:10076C005B084FEA3202B6EB020E75EB030E22BFAA
:10077C00B61A754640EA5C005B084FEA3202B6EBEB
:10078C00020E75EB030E22BFB61A754640EA9C00AA
:10079C005B084FEA3202B6EB020E75EB030E22BF7A
:1007AC00B61A754640EADC0055EA060E18D04FEA38
:1007BC00051545EA16754FEA06164FEAC30343EAD8
:1007CC0052734FEAC2025FEA1C1CC0D111F4801FA5
:1007DC000BD141EA00014FF000004FF0004CB6E79E
:1007EC0011F4801F04BF01430020B4F1FD0C88BF3D
:1007FC00BCF5E06F3FF6AFAEB5EB030C04BFB6EB48
:10080C00020C5FEA500C50F1000041EB045170BD3A
:10081C000EF0004E4EEA113114EB5C04C2BFD4EB67
:10082C000C0541EA045170BD41F480114FF0000EEB
:10083C00013C90E645EA060E8DE60CEA135594EA67
:10084C000C0F08BF95EA0C0F3FF43BAF94EA0C0F6A
:10085C000AD150EA01347FF434AF95EA0C0F7FF4DF
:10086C0025AF104619462CE795EA0C0F06D152EA33
:10087C0003353FF4FDAE1046194622E750EA410617
:10088C0018BF52EA43067FF4C5AE50EA41047FF428
:10089C000DAF52EA43057FF4EBAE12E74FEA41028B
:1008AC00B2F1E04324BFB3F5001CDCF1FE5C0DD9C2
:1008BC0001F0004C4FEAC0024CEA5070B2F1004F0C
:1008CC0040EB830008BF20F00100704711F0804F0F
:1008DC0021D113F13872BCBF01F00040704741F4D4
:1008EC0080114FEA5252C2F11802C2F1200C10FAD8
:1008FC000CF320FA02F018BF40F001004FEAC123BC
:10090C004FEAD32303FA0CFC40EA0C0023FA02F35F
:10091C004FEA4303CCE77FEA625307D150EA013335
:10092C001EBF4FF0FE4040F44000704701F0004005
:10093C0040F0FE4040F40000704700BF80F00040E3
:10094C0002E000BF81F0004142001FBF5FEA41039B
:10095C0092EA030F7FEA226C7FEA236C6AD04FEA9B
:10096C001262D2EB1363C1BFD218414048404140E0
:10097C00B8BF5B42192B88BF704710F0004F40F492
:10098C00000020F07F4018BF404211F0004F41F4AE
:10099C00000121F07F4118BF494292EA030F3FD07A
:1009AC00A2F1010241FA03FC10EB0C00C3F120038D
:1009BC0001FA03F100F0004302D5494260EB40001C
:1009CC00B0F5000F13D3B0F1807F06D340084FEA87
:1009DC00310102F10102FE2A51D2B1F1004F40EB7C
:1009EC00C25008BF20F0010040EA030070474900E4
:1009FC0040EB0000013A28BFB0F5000FEDD2B0FA81
:100A0C0080FCACF1080CB2EB0C0200FA0CF0AABFA3
:100A1C0000EBC25052421843BCBFD0401843704741
:100A2C0092F0000F81F4000106BF80F40000013247
:100A3C00013BB5E74FEA41037FEA226C18BF7FEA1E
:100A4C00236C21D092EA030F04D092F0000F08BF60
:100A5C000846704790EA010F1CBF0020704712F047
:100A6C007F4F04D1400028BF40F00040704712F186
:100A7C0000723CBF00F50000704700F0004343F0EB
:100A8C00FE4040F4000070477FEA226216BF084621
:100A9C007FEA23630146420206BF5FEA412390EAE4
:100AAC00010F40F4800070474FF0000304E000BFDA
:100ABC0010F0004348BF40425FEA000C08BF70478B
:100ACC0043F0964301464FF000001CE050EA01024F
:100ADC0008BF70474FF000030AE000BF50EA010264
:100AEC0008BF704711F0004302D5404261EB410151
:100AFC005FEA010C02BF84460146002043F0B64376
:100B0C0008BFA3F18053A3F50003BCFA8CF2083A9A
:100B1C00A3EBC25310DB01FA02FC634400FA02FCA3
:100B2C00C2F12002BCF1004F20FA02F243EB0200AA
:100B3C0008BF20F00100704702F1200201FA02FC0C
:100B4C00C2F1200250EA4C0021FA02F243EB0200FF
:100B5C0008BF20EADC7070474FF0FF0C1CEAD05243
:100B6C001EBF1CEAD15392EA0C0F93EA0C0F6FD004
:100B7C001A4480EA010C400218BF5FEA41211ED0E2
:100B8C004FF0006343EA501043EA5111A0FB0131CE
:100B9C000CF00040B1F5000F3EBF490041EAD371A3
:100BAC005B0040EA010062F17F02FD2A1DD8B3F11F
:100BBC00004F40EBC25008BF20F00100704790F08E
:100BCC00000F0CF0004C08BF49024CEA502040EAE0
:100BDC0051207F3AC2BFD2F1FF0340EAC2507047A6
:100BEC0040F400004FF00003013A5DDC12F1190FE4
:100BFC00DCBF00F000407047C2F10002410021FA56
:100C0C0002F1C2F1200200FA02FC5FEA310040F16D
:100C1C00000053EA4C0308BF20EADC70704792F0E6
:100C2C00000F00F0004C02BF400010F4000F013A1E
:100C3C00F9D040EA0C0093F0000F01F0004C02BF19
:100C4C00490011F4000F013BF9D041EA0C018FE788
:100C5C000CEAD15392EA0C0F18BF93EA0C0F0AD08E
:100C6C0030F0004C18BF31F0004CD8D180EA0100B4
:100C7C0000F00040704790F0000F17BF90F0004F4D
:100C8C00084691F0000F91F0004F14D092EA0C0F2F
:100C9C0001D142020FD193EA0C0F03D14B0218BFC2
:100CAC00084608D180EA010000F0004040F0FE4008
:100CBC0040F40000704740F0FE4040F440007047A4
:100CCC004FF0FF0C1CEAD0521EBF1CEAD15392EA23
:100CDC000C0F93EA0C0F69D0A2EB030280EA010C13
:100CEC0049024FEA402037D04FF0805343EA1111AC
:100CFC0043EA10130CF000408B4238BF5B0042F10A
:100D0C007D024FF4000C8B4224BF5B1A40EA0C00AE
:100D1C00B3EB510F24BFA3EB510340EA5C00B3EBE0
:100D2C00910F24BFA3EB910340EA9C00B3EBD10FCE
:100D3C0024BFA3EBD10340EADC001B0118BF5FEA20
:100D4C001C1CE0D1FD2A3FF650AF8B4240EBC25049
:100D5C0008BF20F0010070470CF0004C4CEA50200A
:100D6C007F32C2BFD2F1FF0340EAC250704740F459
:100D7C0000004FF00003013A37E792F0000F00F04B
:100D8C00004C02BF400010F4000F013AF9D040EAC9
:100D9C000C0093F0000F01F0004C02BF490011F45D
:100DAC00000F013BF9D041EA0C0195E70CEAD15355
:100DBC0092EA0C0F08D142027FF47DAF93EA0C0F3C
:100DCC007FF470AF084676E793EA0C0F04D14B0220
:100DDC003FF44CAF08466EE730F0004C18BF31F0D2
:100DEC00004CCAD130F000427FF45CAF31F00043CC
:100DFC007FF43CAF5FE700BF4FF0FF3C06E000BF65
:100E0C004FF0010C02E000BF4FF0010C4DF804CD87
:100E1C004FEA40024FEA41037FEA226C18BF7FEA97
:100E2C00236C11D001B052EA530C18BF90EA010F99
:100E3C0058BFB2EB030088BFC81738BF6FEAE17028
:100E4C0018BF40F0010070477FEA226C02D15FEAC4
:100E5C00402C05D17FEA236CE4D15FEA412CE1D030
:100E6C005DF8040B704700BF844608466146FFE7F7
:100E7C000FB5FFF7C9FF002848BF10F1000F0FBDD9
:100E8C004DF808EDFFF7F4FF0CBF012000205DF8D2
:100E9C0008FB00BF4DF808EDFFF7EAFF34BF012057
:100EAC0000205DF808FB00BF4DF808EDFFF7E0FFF0
:100EBC0094BF012000205DF808FB00BF4DF808ED41
:100ECC00FFF7D2FF94BF012000205DF808FB00BFA4
:100EDC004DF808EDFFF7C8FF34BF012000205DF886
:100EEC0008FB00BF4FEA40024FEA41037FEA226C45
:100EFC0002D15FEA402C08D17FEA236C02D15FEA71
:100F0C00412C02D14FF0000070474FF001007047A8
:100F1C004FEA4002B2F1FE4F0FD34FF09E03B3EBFA
:100F2C0012620DD94FEA002343F0004310F0004F3A
:100F3C0023FA02F018BF404270474FF00000704790
:100F4C0012F1610F01D1420205D110F0004008BF2F
:100F5C006FF0004070474FF00000704742000ED217
:100F6C00B2F1FE4F0BD34FF09E03B3EB126209D4D8
:100F7C004FEA002343F0004323FA02F070474FF08E
:100F8C000000704712F1610F01D1420202D14FF003
:100F9C00FF3070474FF00000704700BF034613F856
:100FAC00012B002AFBD1181A0138704710B5054CDB
:100FBC00237833B9044B13B10448AFF300800123F9
:100FCC00237010BDD001002000000000A8AA00086A
:100FDC0008B5034B1BB103490348AFF3008008BDB0
:100FEC0000000000D4010020A8AA000810B594B09D
:100FFC00142200210CA808F042FF142200210DEB52
:10100C00020008F03CFF1022002101A808F037FF75
:10101C0002244FF480330122CDE91143CDE90A2398
:10102C004FF4E0130AA80E92139300F04BFA00B1A0
:10103C00FEE70F23CDE905344FF480630790CDE92B
:10104C000830214605A800F0FFFB00B1FEE7122393
:10105C0001934FF40043CDE9033001A800F0CEFC1E
:10106C0000B1FEE714B010BD7047000038B50E4B50
:10107C0005461A784FF47A73B3FBF2F30B4A1068F7
:10108C00B0FBF3F000F09CF8044658B90F2D09D8CA
:10109C00024629464FF0FF3000F042F82046044B40
:1010AC001D6038BD0120FCE700000020240000205A
:1010BC0004000020074A08B51368032043F010030E
:1010CC00136000F01BF80020FFF7D0FFFFF7CCFFF8
:1010DC00002008BD00200240034A044B11681B7815
:1010EC000B441360704700BFEC010020000000208F
:1010FC00014B1868704700BFEC0100200749030240
:10110C00CA6803F4E06322F4E0621204120C134385
:10111C0043F0BF6343F40033CB60704700ED00E055
:10112C00154B30B5DC68C4F30224C4F10703251D4C
:10113C00042B28BF0423062D4FF0FF3594BF002449
:10114C00033C05FA03F321EA0303A54022EA050256
:10115C00A340002843EA0203ACBF00F16040074AF9
:10116C004FEA0313DBB2ABBF00F5614000F00F0098
:10117C0080F80033135430BD00ED00E014ED00E0B6
:10118C00002807DB01234109034A00F01F008340BC
:10119C0042F82130704700BF00E100E000280CDB72
:1011AC0001220649430900F01F008240203341F818
:1011BC002320BFF34F8FBFF36F8F704700E100E028
:1011CC000138B0F1807F0BD24FF0E023F021054ABB
:1011DC00586182F823100020072298611A61704729
:1011EC000120704700ED00E0002808DB01224309D4
:1011FC00034900F01F008240603341F82320704700
:10120C0000E100E0704708B5FFF7FCFF08BD704730
:10121C0010B5044650B1437903F0FF0213B90271C3
:10122C00FFF7F5FF01230020637110BD0120FCE7DF
:10123C0090F821200346022A06D004228263012062
:10124C00002283F8202070470268C06B116821F0DF
:10125C000E011160116821F00101116001211A6C5D
:10126C0001FA02F24260002083F82110E8E7000046
:10127C0008B590F82130022B03D00423836301209E
:10128C0008BD03681A6822F00E021A601A6822F070
:10129C0001021A60174A93421FD0143293421ED097
:1012AC00143293421DD0143293421DD01432934207
:1012BC001DD01432934214BF4FF080734FF480133F
:1012CC000D4A5360012380F82130002380F8203030
:1012DC00436B03B198470020D2E70123F0E71023BA
:1012EC00EEE74FF48073EBE74FF48053E8E74FF4ED
:1012FC008033E5E708000240000002402DE9F74F7B
:10130C0000242646DFF888C1624BDFF88CE1DFF859
:10131C008C810A6832FA06F502D103B0BDE8F08F71
:10132C000127B74002EA070537EA02027AD14A6878
:10133C00032A07D8013A022A00F28380DFE802F080
:10134C0092979D00122A00F095806DD8112A00F01A
:10135C008B80FF2D98BF81464FF00F0B88BF00F19B
:10136C0004094FEA8602D9F8007088BF203A0BFABC
:10137C0002FA27EA0A0704FA02F21743C9F80070C6
:10138C00D1F8049019F0805F4CD0DCF8182026F0CE
:10139C00030742F00102CCF81820DCF8182007F102
:1013AC00804702F00102019207F5803706F0030A2C
:1013BC00019A4FEA8A0ABA680BFA0AFB22EA0B0B6B
:1013CC00374A90425DD002F5806290425BD002F5C4
:1013DC008062904259D002F58062904214BF042280
:1013EC00032202FA0AF242EA0B02BA609A6819F472
:1013FC00801F14BF2A43AA439A60DA6819F4001FAD
:10140C0014BF2A43AA43DA605A6819F4003F14BF88
:10141C002A43AA435A601A6819F4803F14BF2A431E
:10142C00AA431A60013674E7DFF878904A4508D071
:10143C0010D8A9F580194A4503D0724501D0424510
:10144C0087D18A68DAB1012A4FF008040CBF076112
:10145C0047617EE7DFF850904A45F2D009F58039B4
:10146C004A45EDE7CC6874E7CC68043471E7CC6886
:10147C0008346EE7CC680C346BE7002469E704246D
:10148C0067E70022ADE70122ABE70222A9E700BF24
:10149C000010024000040140000021100000111057
:1014AC00000801400000221000003110044A08B569
:1014BC005169014202D0506101F014FE08BD00BF19
:1014CC00000401402DE9F341054638B30368DB07FE
:1014DC0010D42B689F075ED42B68190700F19580F8
:1014EC002B685A0700F1C180EB69002B40F02C816E
:1014FC00002029E0904C636803F00C03042B07D008
:10150C00636803F00C03082B0AD16368DE0307D56C
:10151C0023689C03DDD56B68002BDAD1012013E026
:10152C006B68B3F5803F12D1236843F4803323609A
:10153C00FFF7DEFD064623689803CAD4FFF7D8FDF3
:10154C00801B6428F7D9032002B0BDE8F0819BB959
:10155C00236823F480332360236823F480232360DF
:10156C00FFF7C6FD064623689903B2D5FFF7C0FD09
:10157C00801B6428F7D9E6E7B3F5A02F236803D1C5
:10158C0043F480232360CFE723F480332360236864
:10159C0023F48023CBE7684C636813F00C0F07D05F
:1015AC00636803F00C03082B10D16368DA030DD4C5
:1015BC0023689B0702D52B69012BAFD123686A697D
:1015CC0023F0F80343EAC203236085E72A695B4BE7
:1015DC006AB101221A60FFF78BFD064623689F074C
:1015EC00ECD4FFF785FD801B0228F7D9ABE71A6016
:1015FC00FFF77EFD0646236898077FF56DAFFFF772
:10160C0077FD801B0228F6D99DE7AA694A4E4B4B01
:10161C00E2B10122C3F88024FFF76AFD0446736A25
:10162C009B070DD54FF4FA52454B1B68B3FBF2F3F5
:10163C00019300BF019B5A1E0192002BF9D14FE779
:10164C00FFF756FD001B0228E9D97CE7C3F880247C
:10165C00FFF74EFD0446736A9F077FF541AFFFF716
:10166C0047FD001B0228F6D96DE7334CE369D8001F
:10167C0024D40127E36943F08053E361E36903F069
:10168C0080530093009B2F4E3368D90518D5EB6817
:10169C00012B26D1236A43F001032362FFF728FDB7
:1016AC0041F288380646236A9B073FD5002F3FF44A
:1016BC001BAFE36923F08053E36115E70027E2E7F2
:1016CC00336843F480733360FFF712FD8046336850
:1016DC00DA05DCD4FFF70CFDA0EB08006428F6D982
:1016EC0031E7ABB9236A41F2883823F00103236256
:1016FC00236A23F004032362FFF7FAFC0646236AED
:10170C009807D3D5FFF7F4FC801B4045F7D91AE7AF
:10171C00052B236A03D143F004032362BAE723F0B9
:10172C0001032362236A23F00403B6E7FFF7E0FC0E
:10173C00801B4045B7D906E700100240000042422A
:10174C0024000020007000402A4C626802F00C0259
:10175C00082A3ED00022022B274B1A662CD1FFF709
:10176C00C7FC06462368990120D42B6AB3F5803F49
:10177C0005D16268A96822F400320A436260696A82
:10178C0062680B4322F474121343012263601A4BF8
:10179C001A66FFF7ADFC054623689A013FF5A8AE23
:1017AC00FFF7A6FC401B0228F6D9CCE6FFF7A0FCFD
:1017BC00801B0228D6D9C6E6FFF79AFC054623689B
:1017CC009B017FF595AEFFF793FC401B0228F6D9E1
:1017DC00B9E6012B3FF4A2AE60682B6A00F48032AC
:1017EC009A427FF49BAE6B6A00F47010C01A18BF5B
:1017FC000120A9E600100240000042420D4A536845
:10180C0003F00C01082912D10B48C3F38341DB030D
:10181C00405C09D55368094AC3F340435043084A16
:10182C00D35CB0FBF3F07047064B5843704703484A
:10183C00704700BF00100240F2AF000800127A009F
:10184C00F0AF000800093D002DE9F0410D460446BB
:10185C0010B90120BDE8F081444A136803F0070376
:10186C008B4228D321688E0730D4CA0743D43F4A11
:10187C00136803F00703AB4265D822683C4D12F0A5
:10188C00040F6CD1130706D56B68226923F46053DF
:10189C0043EAC2036B60FFF7B1FF6B68354AC3F3D1
:1018AC000313D35CD840344B1860344B1868FFF7E3
:1018BC00DDFB0020CEE7136823F007030B43136016
:1018CC00136803F007038B42C3D1CBE7284B11F00D
:1018DC00040F1EBF5A6842F4E0625A60080742BF08
:1018EC005A6842F460525A605A68A06822F0F002BA
:1018FC0002435A60B9E762681D4E012A33681AD157
:10190C0013F4003FA5D0736841F2883823F0030329
:10191C0013437360FFF7ECFB07467368626803F0D0
:10192C000C03B3EB820FA2D0FFF7E2FBC01B4045C8
:10193C00F3D903208EE7022A02D113F0007FE1E7EE
:10194C0013F0020FDEE7136823F007032B43136039
:10195C00136803F00703AB427FF47BAF8DE76B6832
:10196C00E16823F4E0630B436B608BE700200240DB
:10197C000010024098B00008240000200400002051
:10198C00044B054A5B68C3F30223D35C034A10681B
:10199C00D84070470010024090B00008240000208E
:1019AC00044B054A5B68C3F3C223D35C034A10683B
:1019BC00D84070470010024090B00008240000206E
:1019CC000F2303600B4B5A6802F0030242605A6803
:1019DC0002F0F00282605A6802F4E062C2605B6856
:1019EC00DB0803F4E0630361034B1B6803F007039C
:1019FC000B607047001002400020024003682DE984
:101A0C00F3410546D80721D5364CE369D9002BD4D0
:101A1C000126E36943F08053E361E36903F08053EB
:101A2C000193019B304F3B68DA051FD5236A6A6826
:101A3C0013F440732ED1236A6A6823F44073134362
:101A4C0023621EB1E36923F08053E3612A68910796
:101A5C0006D52449A8684B6823F4404303434B60E4
:101A6C00D30636D4002012E00026DBE73B6843F4B3
:101A7C0080733B60FFF73CFB80463B68DB05D5D4AD
:101A8C00FFF736FBA0EB08006428F6D9032002B060
:101A9C00BDE8F08102F440729A42CCD00120134A86
:101AAC00236AC2F84004002023F44071DF07C2F817
:101ABC0040042162BFD5FFF71BFB41F28838074673
:101ACC00236A9807B7D4FFF713FBC01B4045F7D91F
:101ADC00DCE7044AE968536823F480030B43536042
:101AEC00C0E700BF001002400070004000004242FE
:101AFC00704710B50446002851D0436A002B4AD1D8
:101B0C004268B2F5827F00D0C3610023A36294F8CF
:101B1C00513003F0FF0223B9204684F85020FFF720
:101B2C00E7FF0223226884F851301368A06823F081
:101B3C0040031360636800F4044003F482730343AE
:101B4C00E068A16900F400600343206900F0020022
:101B5C000343606900F00100034301F40070034388
:101B6C00E069090C00F038000343206A01F004011D
:101B7C0000F080000343A06A00F40050034313609C
:101B8C005160D369002023F40063D36101236065A5
:101B9C0084F8513010BD0023C0E90433B5E70120AF
:101BAC00F8E7704710B5044680B10223026880F84C
:101BBC005130136823F040031360FFF7F2FF00204D
:101BCC00606584F8500084F8510010BD0120FCE7DA
:101BDC00022341F2111210B580F83D30036804461F
:101BEC00196A114208D140F24442196A114202BFEB
:101BFC001A6822F001021A60204601F0CCFE002087
:101C0C0084F8460084F83C0084F83E0084F83F00D9
:101C1C0084F8400084F8410084F8420084F84300C2
:101C2C0084F8440084F8450084F83D0010BD0000A1
:101C3C0090F83D30012B1CD102230F4A80F83D3027
:101C4C00036893420AD0B3F1804F07D0A2F59432C7
:101C5C00934203D002F58062934204D19A6802F059
:101C6C000702062A03D01A6842F001021A6000200B
:101C7C0070470120704700BF002C014041F2111247
:101C8C000368196A114208D140F24442196A1142A0
:101C9C0002BF1A6822F001021A60012380F83D305D
:101CAC00002070470368DA6822F00102DA6041F222
:101CBC001112196A114208D140F24442196A1142B8
:101CCC0002BF1A6822F001021A60012380F83D302D
:101CDC000020704790F83C200346012A4FF0020088
:101CEC0009D01A6883F83D0051610020012283F865
:101CFC003C0083F83D20704770477047036870B50F
:101D0C00DD681E690446B1070DD5AA070BD56FF027
:101D1C0002021A61012202779B699B0769D001F0CC
:101D2C007EF800232377710710D56A070ED56FF064
:101D3C000402236820461A61022222779B6913F45D
:101D4C00407F5CD001F06BF80023237733070FD56D
:101D5C0028070DD56FF00802236820461A6104226B
:101D6C002277DB69990750D001F059F800232377CB
:101D7C00F20610D5EB060ED56FF010022368204644
:101D8C001A6108222277DB6913F4407F43D001F0FB
:101D9C0046F800232377F00708D5E90706D56FF03E
:101DAC000102236820461A6101F016F8320608D5A4
:101DBC002B0606D56FF08002236820461A6100F0CE
:101DCC00AEF9700608D5690606D56FF04002236897
:101DDC0020461A61FFF791FFB20622D5AB0620D53B
:101DEC006FF0200223682046BDE870401A6100F0B5
:101DFC0095B901F012F82046FFF77EFF91E701F04C
:101E0C000CF82046FFF778FF9EE701F006F8204615
:101E1C00FFF772FFAAE701F000F82046FFF76CFF0E
:101E2C00B7E770BD174A036890420AD0B0F1804FF3
:101E3C0007D0A2F59432904203D002F58062904212
:101E4C0007D14A6823F070031343CA6823F4407324
:101E5C0013434A6923F08003134303608B68C36206
:101E6C000B688362074B984204BF0B690363012321
:101E7C0043610369DB0742BF036923F0010303617C
:101E8C00704700BF002C014010B5044630B390F8E9
:101E9C003D3003F0FF021BB980F83C2001F054FDEB
:101EAC000223206884F83D30211DFFF7BBFF01237E
:101EBC00002084F8463084F83E3084F83F3084F8B3
:101ECC00403084F8413084F8423084F8433084F850
:101EDC00443084F8453084F83D3010BD0120FCE7D7
:101EEC0010B50124036A01F01F018C4023EA04039E
:101EFC000362036A8A401A43026210BD08B529B90D
:101F0C0090F83E30012B1DD001202FE0042907D181
:101F1C0090F83F30012BF7D1022380F83F3014E0CA
:101F2C00082907D090F84130012BEDD1022380F81D
:101F3C0041300AE090F84030012BE5D1022380F8C3
:101F4C00403002E0022380F83E3000680122FFF7A7
:101F5C00C7FF0E4B98420AD1436C43F400434364D1
:101F6C00836803F00703062B0BD1002008BDB0F1EA
:101F7C00804FF5D0064B9842F2D003F5806398421F
:101F8C00EED0036843F001030360EEE7002C014040
:101F9C0000040040FFF7B2BF034610B559BB90F8E0
:101FAC003E4093F84220012CE0B2D2B257D1012A24
:101FBC0020D1022283F83E2083F8422018680122A7
:101FCC00FFF78EFF274B98420AD0B0F1804F07D015
:101FDC00A3F59433984203D003F58063984204D15F
:101FEC00836803F00703062B03D0036843F0010357
:101FFC000360002010BD04290FD190F83F4093F8E6
:10200C004320012CE0B2D2B229D1012AF2D1022212
:10201C0083F83F2083F84320D0E708290FD090F8AD
:10202C00414093F84520012CE0B2D2B217D1012ADD
:10203C00E0D1022283F8412083F84520BEE790F8D6
:10204C00404093F84420012CE0B2D2B207D1012ACF
:10205C00D0D1022283F8402083F84420AEE701203F
:10206C00C8E700BF002C014010B50424036A01F03E
:10207C000F018C4023EA04030362036A8A401A436B
:10208C00026210BD08B529B990F84230012B1DD061
:10209C0001203EE0042907D190F84330012BF7D101
:1020AC00022380F8433014E0082907D090F845301B
:1020BC00012BEDD1022380F845300AE090F8443032
:1020CC00012BE5D1022380F8443002E0022380F892
:1020DC00423000680422FFF7C7FF436C43F400430F
:1020EC0043640C4B98420AD0B0F1804F07D0A3F553
:1020FC009433984203D003F58063984204D18368EB
:10210C0003F00703062B03D0036843F001030360BD
:10211C00002008BD002C0140FFF7B4BF704770478A
:10212C00026802F10C0353E8003F23F490730C3265
:10213C0042E8003102680029F2D102F1140353E89D
:10214C00003F23F0010302F1140C4CE8003100298C
:10215C00F3D1036B012B0BD102F10C0353E8003FBD
:10216C0023F0100302F10C0C4CE800310029F3D1E0
:10217C00202380F8423000230363704710B50446D7
:10218C000368C1681A6922F440520A431A618268D2
:10219C000069D9680243606921F4B05121F00C0147
:1021AC0002430A43DA605A69A16922F440720A4375
:1021BC005A610E4A934215D1FFF7F2FB19234343A0
:1021CC00626820689200B3FBF2F36422B3FBF2F175
:1021DC0002FB11331B013233B3FBF2F303EB01139C
:1021EC00836010BDFFF7CCFBE8E700BF003801406F
:1021FC00F7B505460C4617461E462A68136834EA9E
:10220C00030301D1002021E0701CF7D0FEF770FF12
:10221C00C01B86421CD3DEB12B68DA685107ECD5A3
:10222C00802CEAD0402CE8D01A681207E5D500249F
:10223C0001941A68284601925B680193019BFFF791
:10224C006FFF082301206B6485F8404003B0F0BD9C
:10225C000320FBE7704710B5044648B390F84130B3
:10226C0003F0FF021BB980F84020FFF7F3FF242393
:10227C00226884F84130D368204623F40053D3609D
:10228C00FFF77CFF236800201A6922F490421A6140
:10229C005A6922F02A025A61DA6842F40052DA6072
:1022AC002023606484F8413084F84230606310BDB0
:1022BC000120FCE710B5044668B390F8413003F0F8
:1022CC00FF021BB980F84020FFF7C4FF24232268CB
:1022DC0084F84130D368204623F40053D360FFF7D1
:1022EC004DFF236800201A6922F490421A615A6942
:1022FC0022F022025A615A6942F008025A61DA68E5
:10230C0042F40052DA602023606484F8413084F88F
:10231C004230606310BD0120FCE72DE9F84398467C
:10232C0090F841300446202B0E4617463FD1002929
:10233C003FD0002A3DD021230025456480F8413050
:10234C00FEF7D6FEA3688146B3F5805FA784E784C9
:10235C0003D123690BB935461E46E38C9BB253B9A6
:10236C0043464A4640212046FFF742FF202350B9FE
:10237C0084F841300AE043464A4680212046FFF764
:10238C0037FF28B12023032084F84130BDE8F883BF
:10239C0022684EB935F8023BC3F308035360E18C55
:1023AC00013989B2E184D8E716F8013BF6E702203F
:1023BC00ECE70120EAE790F84130202B10D189B1ED
:1023CC0082B1C284828400232122016201684364A9
:1023DC0080F84120CA68184642F08002CA607047F3
:1023EC00022070470120704708B50023406AC3855E
:1023FC00C38401F0FDFC08BD704790F8423007B56E
:10240C00222B42D181680268B1F5805F836A3FD18B
:10241C00016900293FD15268C2F3080223F8022B4C
:10242C008362C38D013B9BB2C385002B2DD1026807
:10243C00D16821F02001D160D16821F48071D16084
:10244C00516921F001015161202280F8422043633F
:10245C00026B012A026828D1036302F10C0353E8D2
:10246C00003F23F0100302F10C0C4CE80031002962
:10247C00F3D11368DB0605D50191136801935368FA
:10248C000193019B818DFFF7B7FF03B05DF804FB4F
:10249C0039B9016929B95268D2B21A70836A013309
:1024AC00BEE7526802F07F02F7E701F09BFCECE715
:1024BC00036873B51A6804461607D9685D690AD1B2
:1024CC00960640F18B808D0640F1888002B0BDE805
:1024DC007040FFF792BF15F001054BD012F0010FC1
:1024EC0002F0040363D11BB1636C43F00203636419
:1024FC00930749D5636C12F0080F43F0040363642F
:10250C0003D0636C43F008036364636C002B5FD0EF
:10251C00920604D58B0602D52046FFF76EFF26687F
:10252C0020467369626C03F0400302F0080253EA20
:10253C0002054FD0FFF7F4FD73695E0645D522689E
:10254C0002F1140353E8003F23F04003143242E835
:10255C0000310029F3D1E06B002836D0894B43635E
:10256C00FEF786FE002833D0E06B436B02B0BDE86B
:10257C007040184711F4907F30D012F0010F02F028
:10258C00040307D190070DD41007BED501F020032A
:10259C002B43B5E7CE050FD4002BF3D19607F3D51B
:1025AC00002DA7D11507B0D511F0200FA8E7C8054D
:1025BC0002D4002B98D1F1E7636C560743F001036A
:1025CC006364EBD5002DDDD08EE7204601F010FCC6
:1025DC0002B070BD01F00CFC6564F9E7206B0128BA
:1025EC0040F09480D50640F19180C80640F18E8071
:1025FC00002201921A6801925A680192019A5A6952
:10260C0052064DD5E16B0A68526892B2002ADFD0AF
:10261C00A08D9042DCD9E2858A69202A36D003F15C
:10262C000C0252E8002F22F4807203F10C0040E8F7
:10263C0000210029F3D103F1140252E8002F22F0FB
:10264C00010203F1140040E800210029F3D103F149
:10265C00140252E8002F22F0400203F1140040E86B
:10266C0000210029F3D1202284F84220216303F1B8
:10267C000C0252E8002F22F0100203F10C0040E88B
:10268C0000210029F3D1E06BFEF7D2FD0223636336
:10269C00E38DA18DC91A89B22046FFF7ADFE97E7ED
:1026AC00E28DE08DA18D80B292B2002890D0891A73
:1026BC0089B200298CD003F10C0252E8002F22F4CD
:1026CC00907203F10C0545E800200028F3D103F1CA
:1026DC00140252E8002F22F0010203F1140545E820
:1026EC0000200028F3D1202284F84220206303F13B
:1026FC000C0252E8002F22F0100203F10C0545E801
:10270C0000200028F3D102236363C5E7160628D501
:10271C000D0626D594F84120212A7FF459AFA168E3
:10272C00226AB1F5805F17D12169A9B932F8021B71
:10273C00C1F3080159602262E28C013A92B2E28440
:10274C00002A7FF445AFDA6822F08002DA60DA689A
:10275C0042F04002DA603BE7511C216212785A6069
:10276C00EAE750067FF534AF4A067FF531AFDA68F9
:10277C00204622F04002DA60202384F8413001F038
:10278C0034FB25E7F523000890F84030012B11D0DD
:10279C002423026880F84130D36823F00C0343F003
:1027AC000803D360202380F84130002380F84030A8
:1027BC00184670470220704790F84030012B11D01A
:1027CC002423026880F84130D36823F00C0343F0D3
:1027DC000403D360202380F84130002380F840307C
:1027EC00184670470220704790F8412090F842003C
:1027FC00104370470023C2854364222382850269FB
:10280C0080F84230816203681AB1DA6842F480724F
:10281C00DA605A69002042F001025A61DA6842F02B
:10282C002002DA60704770B490F84260202E06D116
:10283C0041B13AB10024046370BCFFF7DBBF022046
:10284C0070BC70470120FBE7836810B504462BB1C0
:10285C000322014698470023C4E9023310BD836864
:10286C0010B5044613B1032201469847204610BD0B
:10287C0010B5044650F8103FDA6822F00102DA6015
:10288C00DA6822F00202DA60DA6822F00402DA6016
:10289C00DA6822F00802DA60DA6822F01002DA60F4
:1028AC00FFF7ECF92269136823F00103136001238D
:1028BC0084F84E3084F84F3084F8503084F851301E
:1028CC0084F8523084F8533084F8543084F85530FE
:1028DC0010BD4B1E032B00D9FEE78900081F704763
:1028EC000139435C13F0100004D0022916D80C4AAD
:1028FC0032F81100DB0712D503290FD8DFE801F0FD
:10290C000205080B40F00100704740F010007047C2
:10291C0040F48070704740F480507047FEE7704779
:10292C000AB000080139032900D9FEE7014B585CB5
:10293C00704700BF06B000080139032900D9FEE733
:10294C00014B585C704700BF02B000082DE9F04104
:10295C000E460446FFF7BDFF06F106080546314654
:10296C00204604EB0818FFF7DDFFD8F808302BB130
:10297C00C24323691A61DA680243DA60771E04EBFA
:10298C0047039B880B2B49D8DFE803F05118181824
:10299C00060618184A4A4A2AE35DDE0604D529467B
:1029AC0004F11000FFF7B8FBE35DD80736D52946D4
:1029BC0004F11000BDE8F041FFF7ECBAE35DD90675
:1029CC0004D5294604F11000FFF75CFBE35DDA0740
:1029DC0024D5294604F11000BDE8F041FFF78EBA6A
:1029EC00294604F11000FFF7D7FA31462046FFF7CD
:1029FC00A3FF014606462046FFF772FF25692B6AA6
:102A0C001843D8F80830286243B131462046FFF706
:102A1C0089FFC3432B61EB681843E860BDE8F08184
:102A2C00294604F11000BDE8F041FFF7B5BA23695F
:102A3C001B68DB07F2D404F11000BDE8F041FFF78E
:102A4C00F7B870B5012504462946861C36F8023FB6
:102A5C0023B129462046FFF779FF00210135052DCA
:102A6C00F4D1A36E3BB16FF0010223691A61DA68ED
:102A7C0042F00102DA6049B123691B68DB0705D417
:102A8C0004F11000BDE87040FFF7D2B870BD012111
:102A9C001030FFF71FB90369186800F00100704788
:102AAC0010B502460C46FFF7F6FF80B9CB68DB0782
:102ABC000ED5CB68104623F00103CB60FFF7E7FF80
:102ACC006FF001032361E36843F00103E36010BD81
:102ADC001046BDE81040FFF7DABF00000B4B9842E0
:102AEC000BD0B0F1804F0AD0A3F59433984208D0A4
:102AFC0003F58063984206D0FEE700207047012062
:102B0C007047022070470320704700BF002C014023
:102B1C00024670B5044652F8100FFFF7DFFF05466A
:102B2C00104600F0A3FE0023084A04F1600642F8A8
:102B3C002530E36004F1B005B54204D0103D2846C1
:102B4C00FFF78DFEF8E7204670BD00BFF0010020B6
:102B5C00F8B504460846FFF7C1FF236903B1FEE749
:102B6C001B4D04F10C0245F820200E2204F1100636
:102B7C003046C4E90C33C4E90E33C4E91033C4E95C
:102B8C001623216184F82C30A36484F84C3084F82B
:102B9C004D30E46000F026FE04F1600504F1B0074E
:102BAC0028461035FFF750FEBD42F9D100234FF6F1
:102BBC00FF72C4E90033C4E90632C4E90833A360E8
:102BCC00636180233046A362BDE8F840FFF75CB92F
:102BDC00F001002010B586B014220446002101A893
:102BEC0007F04DF90023694601A80093FEF7E8FEB3
:102BFC00206900F0E1FE012802D002280FD0FEE788
:102C0C00049CFEF7BDFEB4F5C06F05D00BD824F4C0
:102C1C008074B4F5806F00D1400006B010BD059CE7
:102C2C00FEF7BEFEEFE7B4F5E06FF4E7012A38B526
:102C3C0005460C460BD0022A16D004B1013C29697A
:102C4C002846CC62EC61BDE83840FFF729BFFFF79E
:102C5C00C1FF084BB0FBF3F044432A69230C936289
:102C6C000133B4FBF3F4E8E7FFF7B4FFB0FBF4F483
:102C7C00F3E700BF40420F0010B500F110042046EE
:102C8C00FFF710F82046BDE81040FEF7A1BF00008A
:102C9C00034B186810B10430FFF730B8704700BF11
:102CAC00F0010020FFF7F4BF034B586810B104305B
:102CBC00FFF724B8704700BFF0010020034B986861
:102CCC0010B10430FFF71AB8704700BFF0010020B4
:102CDC00034BD86810B10430FFF710B8704700BF31
:102CEC00F00100200022C0E90022C0E90222704756
:102CFC00F8B504460E4600F1600500F1B007284611
:102D0C001035FFF7EFFFBD42F9D1002320463146C5
:102D1C002361FFF71DFF2046F8BD38B50023C0E93D
:102D2C000033C0E902338B6804460D462BB10222F6
:102D3C009847EB68E360AB68A360204638BD30B5BC
:102D4C0087B002AD04462846FFF7E7FF95E803007D
:102D5C006B4683E8030094E8030085E8030093E8DE
:102D6C000300049BA268A360059B0492E26884E8BC
:102D7C000300E36028460592FFF771FD07B030BDF4
:102D8C0038B50446A36E0D4660301BB1BDE8384023
:102D9C00FFF7D5BFFFF7D3FFAB683BB16FF0010274
:102DAC0023691A61DA6842F00102DA6038BD826880
:102DBC0010B50AB906F0ECFAC368BDE81040184724
:102DCC0008B500B9FEE700F00BFD0068836E13B187
:102DDC006030FFF7ECFF08BDFFF7F2BF10B500B98C
:102DEC00FEE7037F013B072B10D8DFE803F0041448
:102DFC000F100F0F0F12012400F0F2FC00680634C4
:102E0C0000EB041083680BB1FFF7D1FF10BD032456
:102E1C00F2E70424F0E70224EEE7FFF7DFBFFFF749
:102E2C00DDBF06F0FDBD06F0FBBD06F001BE06F0F1
:102E3C00FFBD000086B0042841D8DFE800F0031085
:102E4C001C2834001F4B20489A6942F004029A61F6
:102E5C009B6903F004030193019B06B07047194B67
:102E6C001A489A6942F008029A619B6903F00803B8
:102E7C000293029BF1E7134B15489A6942F010023A
:102E8C009A619B6903F010030393039BE5E70D4BD9
:102E9C0010489A6942F020029A619B6903F0200362
:102EAC000493049BD9E7074B0B489A6942F0400204
:102EBC009A619B6903F040030593059BCDE70020C5
:102ECC00CBE700BF0010024000080140000C01409D
:102EDC00001001400014014000180140F8B51449DD
:102EEC00074600F035FCFFF7F9FD124E044656F884
:102EFC00203073B9B020FFF794FF0D4905463846D2
:102F0C0000F026FC01462846FFF7F2FE56F8243066
:102F1C001D6056F824301C6844B12046FFF7F8FDBC
:102F2C002046BDE8F840B021FFF781BFF8BD00BFD7
:102F3C0038AD0008F001002037B54FF0E025FEF762
:102F4C00D7F8AB6904460093FEF7D2F8AB6984421C
:102F5C00019369694FF47A7301F1010108D0019A68
:102F6C008A1A5A43B2FBF1F203FB002003B030BDC6
:102F7C00009A8A1A5A43B2FBF1F203FB0420F5E7DC
:102F8C00FEF7B6B8704708B5FEF7A6F8FEF73BF9A2
:102F9C00FFF7F8FF08BD70470F4B84B0DA6942F0B9
:102FAC008052DA61DA6902F080520192019A9A69D0
:102FBC0042F001029A619A6902F001020292029AAD
:102FCC005A6942F040025A615B6903F04003039373
:102FDC00039B04B0704700BF001002400C4BD3F8A9
:102FEC00FC20D2015EBFD3F8FC2042F08072C3F803
:102FFC00FC200022074B5A601A6842F001021A604A
:10300C0000BF00BF00BF5868B0FA80F0400970479D
:10301C0000ED00E0001000E008B5FFF7BDFFFFF782
:10302C00DDFFFEF747F8FFF7B6FFFDF7DFFFBDE862
:10303C0008400148FEF7ECB81C000020012A02D120
:10304C00016000207047022A05D0032AF9D0002A1B
:10305C00F7D10260F5E70B680360F2E703681847E5
:10306C000023C0E90033C0E90233704770B5002477
:10307C00012904F101032AD11421E4B26143164D54
:10308C006E18F3683BB10431294403220846984773
:10309C000023C6E90333142300226343E8560E4B86
:1030AC0093F90010814201D1D96899B90132102AE3
:1030BC0003F11403F4D1094A0949136851F8241097
:1030CC00BDE8704023EA01031360FEF767B81C46A5
:1030DC004908CDE770BD00BF00020020000401408C
:1030EC0010B000080023012803F101020AD11422B8
:1030FC00DBB25343054A181D1044816829B11A44A8
:10310C001369184713464008EDE77047000200208A
:10311C000120FEF7CBB90220FEF7C8B90420FEF758
:10312C00C5B90820FEF7C2B91020FEF7BFB938B5F3
:10313C0005242025A8B2FEF7B9F9013C4FEA450554
:10314C00F8D138BD38B506244FF48065A8B2FEF727
:10315C00ADF9013C4FEA4505F8D138BD2DE9F041F8
:10316C0001260D461746002400F00F0806FA08F653
:10317C008AB0B3B2012B04F1010252D1C0F3031097
:10318C00FFF758FEC8B1284B012253F82830CDE97F
:10319C0002671B0A93FAA3F1B1FA81F193FAA3F334
:1031AC00B3FA83F3C6688A40324022FA03F30493DD
:1031BC00032302A90593FEF7A1F8142306AE2946B2
:1031CC003046E4B25C43FFF7A8FD96E803006A467C
:1031DC00DFF8588082E8030008EB0403043393E81B
:1031EC00030086E8030092E8030083E80300271D30
:1031FC00089B4744BA68BB60099B0892FA68304642
:10320C00FB600992FFF72BFB18F904400022062102
:10321C002046FDF785FF2046FDF7B2FF0AB0BDE85A
:10322C00F08114465B08A5E750B0000800020020AE
:10323C00344A08B51046062300F8043BFFF710FF8C
:10324C00072302F118001375FFF70AFF082302F198
:10325C002C0082F82830FFF703FF092302F140000D
:10326C0082F83C30FFF7FCFE0A23172102F15400D0
:10327C0082F85030FFF7F4FE02F1680082F8641017
:10328C00FFF7EEFE02F17C0082F87810FFF7E8FE03
:10329C0002F1900082F88C10FFF7E2FE02F1A4001C
:1032AC0082F8A010FFF7DCFE82F8B410282102F19E
:1032BC00B800FFF7D5FE02F1CC0082F8C810FFF77A
:1032CC00CFFE02F1E00082F8DC10FFF7C9FE02F13C
:1032DC00F40082F8F010FFF7C3FE02F5847082F858
:1032EC000411FFF7BDFE02F58E7082F81811FFF77E
:1032FC00B7FEBDE8084002F5987082F82C11FFF774
:10330C00AFBE00BF0002002038B5054CA4F5A07577
:10331C00143C201DFFF7A3FAAC42F9D138BD00BF15
:10332C00400300207B4B82B09A69013842F00102C5
:10333C009A619B6903F001030193019B23282CD80C
:10334C00DFE810F024002D0034003B004000470063
:10335C004C00530058005F0068006D0074007D0045
:10336C008200890092009B00A000A700B000B5006D
:10337C00BC002B002B002B00C100C8002B002B0025
:10338C002B002B00CD00D200D900E000624A53681C
:10339C0043F0E06343F00103536002B070475E4AB0
:1033AC00536823F0010343F0E063F5E75A4A53688E
:1033BC0043F0E06343F00203EEE7574A536823F00F
:1033CC000203F0E7544A536843F0E06343F004030C
:1033DC00E2E7514A536823F00403E4E74E4A53688A
:1033EC0043F0E06343F00803D6E74B4A536823F0FD
:1033FC000803D8E7484A536843F0E06343F03003CE
:10340C00CAE7454A536823F0300343F0E06343F0C6
:10341C001003C1E7404A536823F03003C3E73E4A28
:10342C00536843F0E06343F0C003B5E73A4A53688E
:10343C0023F0C00343F0E06343F04003ACE7364AAB
:10344C00536823F0C003AEE7334A536843F0E0639C
:10345C0043F44073A0E7304A536823F4407343F0BD
:10346C00E06343F4007397E72B4A536823F44073EB
:10347C0043F0E06343F480738EE7274A536823F4E8
:10348C00407390E7244A536843F0E06343F440638D
:10349C0082E7214A536823F4406343F0E06343F42A
:1034AC00006379E71C4A536823F440637BE71A4AAC
:1034BC00536843F0E06343F480536DE7164A536856
:1034CC0023F480536FE7144A536843F0E06343F4EA
:1034DC00004361E7104A536823F4004363E70E4A44
:1034EC00536823F0E06357E70B4A536823F0E0631B
:1034FC0043F0807350E7084A536823F0E06343F0CD
:10350C00007349E7044A536823F0E06343F0806397
:10351C0042E700BF001002400000014091FAA1F305
:10352C00B3FA83F370B50D0E0F2691FAA1F1B1FA2F
:10353C0081F144599B0006FA03F3890024EA030441
:10354C008A402243425170BD91FAA1F3B3FA83F33E
:10355C0070B50D0E042691FAA1F1B1FA81F144591E
:10356C009B0006FA03F3890024EA03048A402243F1
:10357C00425170BD431C04D00C3151F80C3C5A1C08
:10358C0001D100207047834201F10C01F5D10120DB
:10359C0070470000431C2DE9F34107460E4600D14D
:1035AC00FEE75C4B00F00F02C0F3031001F00708BC
:1035BC0053F82250FFF73EFCB8F1010F044615D129
:1035CC0095FAA5F3B3FA83F30321280E22589B0036
:1035DC0001FA03F322EA030295FAA5F3B3FA83F393
:1035EC009B00994011432150012247E0C6F306206D
:1035FC00B8F1030F0AD801A353F828F01B360008C2
:10360C00F53500087F360008A1360008FEE7FFF705
:10361C0089FE082229462046FFF780FF95FAA5F27D
:10362C002B0EB2FA82F2E1580F2392009340C6F3AC
:10363C0001160B4095FAA5F272BB012E45D0022E55
:10364C0057D0354B9A6942F001029A619B6903F09D
:10365C0001030193019BA7F10D03012B4DD82F4AB8
:10366C00536823F0E06343F08063536002B0BDE81D
:10367C00F0817F2801D0FFF755FE0922294620460C
:10368C00FFF74CFF16F0080218BF04222946FFF77B
:10369C005BFFC3E70022BDE7B2FA82F2012E4FEACC
:1036AC00820223FA02F309D0022E1BD0082BC8D1B8
:1036BC00042229462046FFF731FFC2E7042B04D130
:1036CC00082229462046FFF729FF01232A0A92FAED
:1036DC00A2F2B2FA82F2E168934021EA15210B437F
:1036EC00E360AEE7042B04D1082229462046FFF7FD
:1036FC0015FFE36823EA1523F2E70F2F02D0133FDF
:10370C00012FB3D8054A536823F0E06343F00073EC
:10371C00ABE700BF50B000080010024000000140B1
:10372C00431C06D17047834202D18968FFF732BF30
:10373C000C310B685A1CF6D1FEE70B685A1C01D1F0
:10374C0000207047834201D1486870470C31F4E780
:10375C00431C01D0FFF7F1BF002070474B6813B931
:10376C004FF0FF307047834201D1086870470C312D
:10377C00F4E708B1FFF7F2BF4FF0FF307047034694
:10378C008B42084604D01BB100290CBF1846002000
:10379C00704700000F4B1A6842F001021A6059681A
:1037AC000D4A0A405A601A6822F0847222F4803260
:1037BC001A601A6822F480221A605A6822F4FE02F7
:1037CC005A604FF41F029A604FF00062034B9A60EC
:1037DC00704700BF001002400000FFF800ED00E051
:1037EC000438704703681D4A84B093420BD11C4BBC
:1037FC009A6942F400629A619B6903F40063009336
:10380C00009B04B07047B3F1804F0BD103F5043328
:10381C00DA6942F00102DA61DB6903F0010301931A
:10382C00019BEEE70F4A93420AD10D4BDA6942F045
:10383C000202DA61DB6903F002030293029BE0E708
:10384C00094A9342DDD1064BDA6942F00402DA618F
:10385C00DB6903F004030393039BD2E7002C0140C4
:10386C000010024000040040000800400368124AA7
:10387C00934206D102F56442936923F40063936189
:10388C007047B3F1804F05D10C4AD36923F0010383
:10389C00D36170470A4A934205D102F50332D369CA
:1038AC0023F00203F4E7074A9342F2D102F5023205
:1038BC00D36923F00403EBE7002C01400010024015
:1038CC000004004000080040431C10D00C4B9842F0
:1038DC0010D007D8B0F1804F0ED0A3F5806398427A
:1038EC000CD0FEE7074B9842FBD1192070476FF0C4
:1038FC000D0070471E2070471C2070471D2070471C
:10390C0000080040002C0140431C10D00C4B984286
:10391C0010D007D8B0F1804F0ED0A3F58063984239
:10392C000CD0FEE7074B9842FBD11B2070476FF081
:10393C000D0070471E2070471C2070471D207047DB
:10394C0000080040002C014038B50446FFF74AFF40
:10395C000068FFF7B9FFD4E91212FDF7E1FB20680C
:10396C00FFF7B2FFFDF70CFC22681046FFF7CCFF07
:10397C0005461046FFF7A8FF85420BD0D4E912127A
:10398C002846FDF7CDFB2068FFF7BEFFBDE83840A9
:10399C00FDF7F6BB38BD10B50446FFF767FF0068AE
:1039AC00FFF792FFFDF7FAFB2068FFF7ADFFBDE8CC
:1039BC001040FDF7F3BB0000431C0CD0094B9842A0
:1039CC000BD007D820F48063B3F1804F07D0064B9F
:1039DC00984204D0FEE70020704702207047012077
:1039EC00704700BF002C0140000800402DE9F04F4B
:1039FC008B4692469946044685B018B9002005B00E
:103A0C00BDE8F08F6249406DFFF7A2FE61490646A2
:103A1C00A06DFFF79DFE60490746E06DFFF798FE2D
:103A2C005E490546206EFFF793FE8046002EE5D0DA
:103A3C00A36D013301D0002FE0D0E36D013301D031
:103A4C00002DDBD0236E013302D0B8F1000FD5D09E
:103A5C0039463046FFF793FE0146206010B9FFF758
:103A6C008EFE206029462068FFF789FE41462060C3
:103A7C00FFF785FE20600028C0D0494B984252D1F8
:103A8C0003F55843DA6842F48042DA60DA6822F4CB
:103A9C008042DA609A6942F480429A619B69002202
:103AAC0003F480430193019B25233949606D84F80D
:103ABC00652084F86430FFF733FE1FB13549A06DE3
:103ACC00FFF72EFE2DB13449E06DFFF729FE4FF4C0
:103ADC008075B8F1000F05D03049206E45F40075A3
:103AEC00FFF71EFE94F865202E4B261D43F822602E
:103AFC0023680022C4E9013B0E9B94F96400C4E9DD
:103B0C0004390C230121C4E90635C4F80CA0226247
:103B1C00FDF706FB3046002F37D1FEF7CBFBB0FA92
:103B2C0080F040096BE7204B984215D103F5E63342
:103B3C001A6942F400321A611A6922F400321A61CD
:103B4C00DA6942F40032DA61DB69012203F40033F2
:103B5C000293029B2623A8E7144B98427FF44EAFA6
:103B6C00134E0222336943F480233361336923F407
:103B7C0080233361F36943F48023F361F36903F425
:103B8C0080230393039B27238FE7FEF764FBC6E791
:103B9C00FCAC0008C0AC000884AC000848AC0008C1
:103BAC000038014040030020004400400048004021
:103BBC00001002401FB50A4B0A49DC6A2046FFF789
:103BCC00C7FD002350B108481A4644654FF41651FE
:103BDC00CDE90233CDE90033FFF708FF04B010BD87
:103BEC0064AF0008FCAC00082800002008B5074BA7
:103BFC0090F8652053F82200FEF7F6FD00F0220045
:103C0C00A0F122035842584108BD00BF40030020D8
:103C1C0008B5074B90F8652053F82200FEF7E4FD39
:103C2C0000F02100A0F121035842584108BD00BF0B
:103C3C00400300202DE9F04706460C46FDF758FAE4
:103C4C00284D074695F86530022B13D895F865205A
:103C5C00254B53F82250A5F104084046FFF7D8FF36
:103C6C00C0BB4FF47A7331462846A2B2FEF755FB1F
:103C7C0040B908E01D4B1E49D3F82C804046FFF795
:103C8C0067FD08BB00242046BDE8F0875AF82330B6
:103C9C0043B995F865300133DBB2022B85F86530FA
:103CAC00F4D90CE049464046FFF752FD95F86520E3
:103CBC005AF822301B688342EBD1022AC6D9FFF78F
:103CCC0079FF0028C2D1DDE70023DFF81CA0DFF864
:103CDC002090E2E7FDF70CFAC01BB0F57A7FBCD35D
:103CEC00D0E700BF280000204003002064AF00088C
:103CFC00FCAC000870B50E46054610B94FF0FF300D
:103D0C0070BDFFF773FF04460028F7D1294611F860
:103D1C00663F0122337095F86500034B53F8200081
:103D2C00FEF781FD2046EBE74003002038B50D4639
:103D3C000446B8B1FFF75AFFA0B994F96400E564E2
:103D4C00FDF72CFA94F86500074B04F1660153F863
:103D5C0020000122FEF767FD94F96400BDE83840AD
:103D6C00FDF70EBA38BD00BF4003002038B515462C
:103D7C000446B8B1016590F96400FDF70FFAB4F888
:103D8C007630E16E9BB294F865001944064BAAB2EA
:103D9C0053F82000FEF70FFB94F96400BDE838409F
:103DAC00FDF7EEB938BD00BF4003002048B1836D6C
:103DBC00013306D190F86520024B53F82200FEF730
:103DCC00E3BC70474003002048B1836D013306D13A
:103DDC0090F86520024B53F82200FEF7EDBC7047BB
:103DEC0040030020836C04381847C36C0438184710
:103DFC0030B5044650F8043985B01D6815F001053E
:103E0C0012D0002200921A6800925B680093009B0B
:103E1C00FFF7ECFE40BB0122204604F1620105B025
:103E2C00BDE83040FEF7FFBC196811F0020106D066
:103E3C0001951A6801925B680193019BE8E71A6887
:103E4C0012F0040206D002911A6802925B68029387
:103E5C00029BDDE719680907DAD503921A68039209
:103E6C005B680393039BD3E705B030BD08B52520F1
:103E7C00FDF7BAF9024B1868BDE80840FEF718BB0D
:103E8C0040030020262008B5FDF7AEF9034B586817
:103E9C0018B1BDE80840FEF70BBB08BD400300207D
:103EAC00272008B5FDF7A0F9034B986818B1BDE8B9
:103EBC000840FEF7FDBA08BD4003002003460A493E
:103ECC0010B508680344EFF30882934205D90C221D
:103EDC004FF0FF30054B1A6010BD054A054C121B04
:103EEC009342F4D20B60F7E7A4000020640A002090
:103EFC0000500020000400004FF0FF3070474FF4DA
:103F0C00005300204B607047012070470020704721
:103F1C0000207047FEE700001622024B4FF0FF30E6
:103F2C001A607047640A002001207047002210B507
:103F3C00074B1C68844202D15C688C4206D001326B
:103F4C00282A03F10803F4D1002010BD0120FCE75E
:103F5C005403002010B5084C084A237842F833006B
:103F6C0002EBC302516028220133B3FBF2F102FBD6
:103F7C001133237010BD00BF5003002054030020E8
:103F8C00012310B50C4603FA00F0FCF78DFD214619
:103F9C00FCF796FE0449FCF7DFFD0449FCF7D4FC62
:103FAC00FCF7DCFF10BD00BF000020403333F340B2
:103FBC0007B50B49FCF7D0FDFCF7AAFF08234FF41B
:103FCC007A7200930749032305F047F80828A8BF25
:103FDC0008200328B8BF0320C0B203B05DF804FB6F
:103FEC000000C84230F8FFFF10B50C46FFF7E0FFA9
:103FFC0001218140002005F026F8604310BD00002F
:10400C0010B5062286B04FF4E131484804F0A6FC06
:10401C004FF4FA6005F09EF9444804F027FD44493A
:10402C00424804F035FD434A434CD2F8EC17D2F821
:10403C00E837D2F8F0274B40534040493B482370B7
:10404C0004F00CFD21781022384804F08AFD00237E
:10405C0005933B4B1022049314232B21CDE9023200
:10406C000523384ACDE9003137480B23374900F096
:10407C00B1FE044688B136492C4804F0EFFC2146C9
:10408C000A222A4804F056FD3249284804F000FD63
:10409C004FF47A7005F05EF9FAE7012141F2210341
:1040AC0041F60F520091284803F016FEC022C121A0
:1040BC00254803F0ECFE23490B20FFF761FF264C4B
:1040CC0026492060194804F0C9FC0A2221681748C7
:1040DC0004F03AFD2249154804F0DAFC1A4801F0C4
:1040EC0083F8044698B11F49104804F0B7FC0A2223
:1040FC0021460E4804F01EFD0E4BD3F8E84705F0A0
:10410C0025F9604006B0BDE8104004F08DBF16499B
:10411C00064804F0A3FC03220C49044804F0BCFD3F
:10412C001249024804F0B4FCE6E700BF7C0700200B
:10413C00A8B0000800F0FF1F94040020EDB00008A8
:10414C00CDCCCC3F00007A439405002000F86544A8
:10415C001CB100083EB100084C03002079B10008E6
:10416C008FB1000893B10008C0B10008CCB10008B1
:10417C002DE9F04F0121864887B004F010F9012891
:10418C00044640F001810146814804F01DF92146A6
:10419C007F4801F023FEA0F11003EF2B054605D953
:1041AC007B4807B0BDE8F04F01F01EB802467949D4
:1041BC00774801F0C3FD0446754801F047FB0746FC
:1041CC00734801F093FD0190714801F00DF8714BAB
:1041DC00002C40F0D9801A4602AE03F1100C344684
:1041EC0010685168083203C462452646F7D1D3F8EB
:1041FC000480694969481C7BD3F800B0D3F8089057
:10420C0093F80DA004F02AFC10224146634804F0F8
:10421C009BFC6349614804F021FC102259465F481D
:10422C0004F092FC5F495D4804F018FC10224946EA
:10423C005A4804F089FC04F007065B49574804F01F
:10424C000DFC0A223146554804F089FC5749534865
:10425C0004F004FC0A226109504804F080FC544923
:10426C004E4804F0FBFB102251464C4804F077FCFE
:10427C0050494A4804F0F2FB02223946474804F000
:10428C000BFD4D49454804F0E9FB022201994348D6
:10429C0004F002FD4949414804F0E0FB0A2229469A
:1042AC003E4804F047FC36B945493C4807B0BDE8E8
:1042BC00F04F04F0EDBB49464046FFF737FE08B11E
:1042CC004049F2E74046FFF745FE3F4B3846196838
:1042DC00FFF78AFE07463D49304804F0BFFB0A222F
:1042EC0039462E4804F030FC39492C4804F0D0FBF8
:1042FC00384605F02FF8374B013E1B7824F00704A5
:10430C003443244A8DF814408DF8173002AC06AEB5
:10431C00234603CBB342106051601C4602F10802E5
:10432C00F6D11B4802F04DFE00232A4619491848C5
:10433C0003F0D0FF044648B12749184804F08EFB1F
:10434C000A222146154804F0F5FB29E704F0FEFF8C
:10435C0004460F4D04F0FAFF031BB3F5FA6F01D3BB
:10436C001E490DE00021284604F019F80128F1D16E
:10437C000021074804F028F8054801F0FCF9184919
:10438C00064804F085FB0BE707B0BDE8F08F00BFD3
:10439C009405002095040020E8B100087C0700205B
:1043AC00F3B10008FAB1000801B2000807B2000826
:1043BC0009B2000810B2000816B200081DB20008BD
:1043CC0023B2000845B200084C03002066B2000876
:1043DC008FB10008940400207EB20008BFB2000820
:1043EC00A9B2000813B54820FEF71BFDC2230446F2
:1043FC0000934FF0FF32C323C42100F009F821468B
:10440C00024802B0BDE8104000F06EBE94050020DA
:10441C002DE9F843154E4FF0000C0546374604467F
:10442C009E46894690460FCF45F804CB0FC597E8BA
:10443C000700089B85E8070004F1300706F11C050E
:10444C00C4F828E0E362C4E908980FCD0FC72B68C5
:10445C0030203B60C4F844C0FEF7E3FC054600F096
:10446C0095FC20462560BDE8F88300BFC0AA000873
:10447C0010B50446006803685B6C98472068216A95
:10448C00036882689B6898472068216A0368026900
:10449C00DB689847004B10BD0801002000680368DA
:1044AC009B6C18472DE9F74F9B460C9B057C0193A1
:1044BC00437CDDF83490ED0805EBD3054D44044600
:1044CC00284688469246FEF7AEFC06462846FEF77E
:1044DC00AAFC0746207C5FFA88F3082894BF304674
:1044EC0030465FFA8AF193BF0B4343EA1A2300F874
:1044FC00023B00F8013B638988BF717043454A4613
:10450C0031D1594605F097FD206803685B6B9847DD
:10451C002068216A0368C268DB68984720682A46CD
:10452C0003683146D3F838B03B46D8472068216A37
:10453C0003680269DB68984720680368DB6B98475F
:10454C002389434506D1217C4A46019807EBD101CA
:10455C0005F071FD3046FEF768FC384603B0BDE847
:10456C00F04FFEF762BCA18905F089FCCCE72DE980
:10457C00F84FDDF8308004460E46154699469DF8F6
:10458C0034B002EB080A13B9837C0AEBD30A504609
:10459C00FEF749FC07462A46314605F04CFD7819D2
:1045AC00B9F1000F55D042460A9905F044FDBBF114
:1045BC00000F07D0E26A20680132036850D1322123
:1045CC00DB6998475046FEF72EFC064620680368C8
:1045DC005B6B98472068216A0368C268DB68984760
:1045EC0020685246036839469B6B9C463346E0472D
:1045FC002068216A03680269DB68984720680368B1
:10460C00DB6B9847BBF1000F07D0E26A20680132E0
:10461C00036843D10121DB6998476369002B5CD0A7
:10462C00B8F1000F5BD0E27CB05C98478246B9F1E0
:10463C00000F07D1A37C424605EBD3010B98314404
:10464C0005F0F9FC3846FEF7F0FB3046FEF7EDFBC3
:10465C0021E0A27CA18908EBD20205F010FCA6E7B0
:10466C005B6A984706462068E16A03681B699847AD
:10467C000028A7D0206803685B6D98472068036802
:10468C005B6A9847E369801B9842ECD33846FEF787
:10469C00CCFB6FF4307A5046BDE8F88F01211B6AD1
:1046AC009847206803685B6A984782462068E16AED
:1046BC0003681B6998470028AFD0206803685B6DBE
:1046CC009847206803685B6A9847E369A0EB0A0087
:1046DC009842EBD36FF4307AA9E79A46A7E7C24623
:1046EC00A5E7F0B51E46037905460F4687B03BB9E2
:1046FC00CDE900620A460189FFF7D4FE07B0F0BD90
:10470C0004AB194690F9114090F811C0002CB8BFB9
:10471C000734E410013C64B2E000002C12DA2C7C6B
:10472C00E408601E40B2B0F1FF3F15D10123CDE982
:10473C000223002328460196009304EBDC02FFF7CA
:10474C0016FFDBE7B5F808E0013C4EFA00FE03F873
:10475C0001EB64B20838E0E74FEAC00E27FA0EFE10
:10476C0003F801EB0138DDE70023F0B589B08DF8D3
:10477C001730037904460A465BB9012101910DF10A
:10478C00170100910189FFF78DFE9DF8170009B004
:10479C00F0BD90F91130467C06A80146002BB8BF3D
:1047AC000733DB10013B5BB2DD00002B13DA257CF9
:1047BC00ED086B1E5BB25F1C15D10123CDE90233F2
:1047CC000DF11703019300232046009305EBD6024D
:1047DC00FFF7CDFED9E72789013B2F4100F8017B7C
:1047EC005BB2083DE1E7DF0022FA07F700F8017B36
:1047FC00013BDFE7F0B516461A46037905460F462E
:10480C0087B043B9CDE900320A4633464189FFF7F8
:10481C0049FE07B0F0BD04AB194690F9114090F871
:10482C0011C0002CB8BF0734E410013C64B2E000A6
:10483C00002C12DA2C7CE408601E40B2B0F1FF3F71
:10484C0015D10123CDE9022300222846CDE90062CF
:10485C0004EBDC02FFF78BFEDBE7B5F80AE0013C6A
:10486C004EFA00FE03F801EB64B20838E0E74FEAB9
:10487C00C00E27FA0EFE03F801EB0138DDE7F0B5A8
:10488C00037989B004460D468DF8172053B90122DF
:10489C00CDE900320A460DF117034189FFF702FEFC
:1048AC0009B0F0BD90F91130467C06A80146002BEA
:1048BC00B8BF0733DB10013B5BB2DA00002B13DA15
:1048CC00227CD208531E5BB25F1C15D10020012341
:1048DC0001900DF117000090CDE90233204602EB58
:1048EC00D602FFF744FEDBE76789013B174100F86E
:1048FC00017B5BB2083AE1E7DF0025FA07F700F825
:10490C00017B013BDFE72DE9F0479DF820A01C4619
:10491C0043EA0A03072B05460E4690469DF828707D
:10492C009DF82C9042D8544540D3FFF71DFFFF2231
:10493C00631CDBB2CAF1080A02FA03F342FA0AF268
:10494C001343DB4380EA0802DBB2134205D1B9F111
:10495C00000F02D10020BDE8F08720EA030403EA2F
:10496C0008031C43E4B2224631462846FFF787FF72
:10497C00286803689B6A98474FF47A7381469DF8C0
:10498C00248003FB08F8286803689B6A9847A0EB0F
:10499C000903434502D36FF00F00DCE7314628468C
:1049AC00FFF7E2FE60400742EDD1D3E76FF00A005B
:1049BC00D1E77FB59DF8246004460396089E9DF8C8
:1049CC002850CDE9013600230093FFF7D0FD38B90C
:1049DC0035B1A36923B1204604B0BDE87040184737
:1049EC0004B070BDF0B587B005AD0F46294690F9FF
:1049FC00114090F811C0002CB8BF0734E410013CF2
:104A0C0064B2E600002C0DDA9DF8344002949DF857
:104A1C003040CDE9003413464FEADC02FFF7C9FF02
:104A2C0007B0F0BD47FA06FE013C05F801EB64B295
:104A3C00083EE7E77FB59DF8246004460396089E80
:104A4C009DF8285002960026CDE900360123FFF789
:104A5C008EFD38B935B1A36923B1204604B0BDE849
:104A6C007040184704B070BDF0B587B005AD0F4667
:104A7C00294690F9114090F811C0002CB8BF0734AA
:104A8C00E410013C64B2E600002C0DDA9DF83440D1
:104A9C0002949DF83040CDE9003413464FEADC0215
:104AAC00FFF7C8FF07B0F0BD47FA06FE013C05F85A
:104ABC0001EB64B2083EE7E7002370B586B004460C
:104ACC00427C8DF8133090F9113005A80146002B6B
:104ADC00B8BF0733DB10013B5BB2DD00002B16DAED
:104AEC000123CDE902330DF113030193002320467A
:104AFC000093D208FFF73BFD054628B963691BB14B
:104B0C009DF813009847E080284606B070BDE689F2
:104B1C00013B2E4100F8016B5BB2083DDEE70B4612
:104B2C0070B5054601F11404303053F8046BA34200
:104B3C0040F8046BF9D16A640E1F01F11004286867
:104B4C0056F8041F036882689B689847A642F6D102
:104B5C0070BD00004FF0FF3310B586B0CDE90112E7
:104B6C000C49CDE9033305930B68DB070BD40468C0
:104B7C00094BE2682469C3E90122C3E90742C3E98E
:104B8C000D2401230B60044A01A9FFF7C8FF06B0EE
:104B9C0010BD00BF5C070020A8000020406C18B9B5
:104BAC0070478B4204D018300378002BF9D118468B
:104BBC007047F8B50546FFF7F1FF88B1041D05F104
:104BCC002C0605F1400756F8041F002904DB286861
:104BDC0022680368DB689847BE4204F10404F2D1F2
:104BEC00F8BD0000064B074A1B680748B3FBF2F3FD
:104BFC004B4310B544684268121B9342FBDC10BD5A
:104C0C002400002040420F00001000E0CBB2222B09
:104C1C0009D80F4A01F4E06052F823301843431CC2
:104C2C0018BF0846704701F0C002C02A0CD1C92B2E
:104C3C000AD8084B01F03F0253F82220044B01F430
:104C4C00E06053F82230E9E74FF0FF30704700BFC7
:104C5C0064AF00083CAF0008704790F82C2008B5F2
:104C6C0012B103681B6B9847BDE80840FEF7B6B954
:104C7C000021006A04F026BC006A04F05CBCF8B5A4
:104C8C0007460C465D1E8E18B44200D1F8BD0022BA
:104C9C0014F8011B386A04F050FC05F8010FF3E717
:104CAC0004F0E5B94B1C084603D00021C0B204F057
:104CBC00E1B87047084611461A46431C02D0C0B2F0
:104CCC0004F058B87047006A04F034BCD0E90912FB
:104CDC00006A04F00DBC084611461A46431C01D06C
:104CEC0004F0D4BA0020704704F032BB04F02EBBA1
:104CFC00084604F02FBB4B1C084601D004F0FCB84E
:104D0C00704700001FB5084611461A46431C13D0C5
:104D1C000024CDE90044CDE9024421B1074B0091B8
:104D2C000393074B0293694604F016F9029B1BB1DF
:104D3C00694603220846984704B010BD6930000844
:104D4C00493000084B1C084601D004F061BA002021
:104D5C0070470846431C114601D004F01FBA704737
:104D6C000846431C114601D004F0BAB9704710B57F
:104D7C0004463021FEF75BF8204610BD90F82C203D
:104D8C0012B103681B6C1847704700000423032200
:104D9C0030B585B00125CDE9013200230446194612
:104DAC002A46009503F03EFC074B20462360074B38
:104DBC0025852362064B84F82C506362002384F80B
:104DCC002A3005B030BD00BFF4B20008AC0800209A
:104DDC0080841E00F0B585B06D4604468C4617469F
:104DEC001E46144B0FCB85E80F009DF82830294642
:104DFC008DF809309DF82C3020468DF80A309DF93D
:104E0C003030CDF800C08DF80B30BDF83430019740
:104E1C00ADF80C300E9B8DF80860C4F850319DF83D
:104E2C003C3084F854312368D3F8F030984705B0FF
:104E3C00F0BD00BFF0AA0008F0B506468E469446B9
:104E4C001F4687B0114D01AC0FCD0FC42B683046F7
:104E5C0023600C9BCDF804E004939DF93430CDF81D
:104E6C0008C08DF81430BDF838300397ADF8163003
:104E7C000F9B01A9C6F850319DF8403086F854318B
:104E8C003368D3F8F830984707B0F0BD00AB000892
:104E9C00F0B504460F46164685B00C4A01AD07CA5C
:104EAC0085E807008DF80C300A9B2946C4F8503170
:104EBC009DF82C30204684F8543123680197D3F8A0
:104ECC0000310296984705B0F0BD00BF14AB000846
:104EDC0013B58DF805309DF8103000918DF8063023
:104EEC009DF9143069468DF80730069B8DF8042027
:104EFC00C0F850319DF81C3080F854310368D3F859
:104F0C000831984702B010BD4AB116290B466FF014
:104F1C000800A8BF16238342B8BF0346137009319B
:104F2C00C9B21F298CBF6FF00C0000207047000025
:104F3C0010B5012986B006D002292BD0C9B16FF06B
:104F4C00130006B010BD002203680592194A4FF0F9
:104F5C00080C04920A224FF0120ECDE9022C072203
:104F6C00CDE9002E1449D3F8F440144A0923A04784
:104F7C00E7E7104A0368102403920A22CDE90124C2
:104F8C000F4A04910092D3F8FC400E4A0E4B0A498A
:104F9C00A047D6E7002302680393064B0A2102932D
:104FAC000123CDE900310449D2F80C410622A04777
:104FBC00C7E700BFCDCCCC3F0000D9430000FA427C
:104FCC0033331C439A9999400000A040704770B548
:104FDC008B890D468A7A497A044601F0DDFA00BBCA
:104FEC0023682046D3F8E830297A9847C8B9236853
:104FFC002046D3F8E4306968984790B92368204676
:10500C00DB6B2968984760B90121204601F004F94F
:10501C0038B92368204695F90B105B6DBDE87040DC
:10502C00184770BD37B54B8A0C460093CB688A681D
:10503C004968054601F004FB98B92B682846DB6BE0
:10504C002168984768B90121284601F0E5F840B974
:10505C0028462B6894F910105B6D03B0BDE8304006
:10506C00184703B030BD70B50C464968054601F0D1
:10507C0057FB90B92B682846DB6B2168984760B9C1
:10508C000121284601F0C8F838B92B68284694F954
:10509C0008105B6DBDE87040184770BD70B58B791A
:1050AC000D464A790979044601F04EFB90B9236804
:1050BC002046DB6B2968984760B90121204601F036
:1050CC00ABF838B92368204695F907105B6DBDE83D
:1050DC007040184770BD10B504464FF4E471FDF7ED
:1050EC00A6FE204610BD000010B5044600F068FC7A
:1050FC00034B20462360034BC4F8583110BD00BF4E
:10510C0064B3000854B3000870B50C460546144946
:10511C0020461646FBF7D2FEF0B120461149FBF7AC
:10512C00C3FEC8B12EB121462846BDE8704002F03E
:10513C00EFBFD5F860112046FBF704FC0A4920F0BC
:10514C000040FBF7BBFE0028EDD02146284600F0BE
:10515C007AFE0028E7D070BD6FF00B00FBE700BFB4
:10516C0000001643000070440000A0410022FFF72D
:10517C00CBBF0000036873B59B6D16460022054635
:10518C000C46984790B99EB10B4B04F1090203EB06
:10519C00420113F8123091F9014003F00F021B0980
:1051AC00002128460091214602F05CFF02B070BD40
:1051BC0004220723F4E700BF74B400080122FFF7B0
:1051CC00D9BF000030B585B005466C46054B0FCBFA
:1051DC0084E80F002B6821462846D3F8A030984766
:1051EC0005B030BD20AB0008002213B50368009257
:1051FC00DC6940F2722202236FF07F41A04702B0BB
:10520C0010BD000030B585B005466C46054B0FCB84
:10521C0084E80F002B6821462846D3F89430984731
:10522C0005B030BD20AB000882B02DE9F04101295A
:10523C0006A880E80C000B9C9DF826609DF8277052
:10524C0009D0022975D000294BD06FF01300BDE8AE
:10525C00F04102B0704742F210709DF8188000FACD
:10526C0008F0FBF721FC514905460798FBF774FC45
:10527C0001462846FBF724FDFBF770FEA8F1050359
:10528C00DBB2012B9DF8283005468BBF082100218D
:10529C00112019200BBB4FEA8803002E0CBF1426DB
:1052AC00002604EB4707C8EB470201EB8201DBB297
:1052BC00314409B25A1E0029A8BF521892FBF3F3CD
:1052CC00BDF824209DF820109BB2083201FB03236B
:1052DC0000EB830068438008B9E7A8F102039B0048
:1052EC00DBE7F800FBF7E4FB05463046FBF7E0FB99
:1052FC0001462846FBF728FB0546BDF82400FBF7C2
:10530C00D7FB01462846FBF71FFB0546E000FBF7E1
:10531C00CBFB01462846FBF717FB254904460698AC
:10532C00FBF7CEFC01462046FBF7CAFCFBF716FE4A
:10533C008DE79DF81930032B34D8DFE803F00228F1
:10534C002D300623052263430433B3FBF2F39CB2E6
:10535C003022B4FBF2F302FB134403EB830000EBAB
:10536C0080004000A4B280B214B10234204480B258
:10537C009DF82430C3EBC30203EBC20300EB4300E4
:10538C000C4B80B25843FBF78FFB0B49CCE704EB7B
:10539C004404C4F34F04DBE76400A4B2D8E704EB85
:1053AC004404FAE76FF0090051E700BF0000204108
:1053BC0000007A4400127A001D24F44308B5084614
:1053CC00FBF772FB0249FBF77BFCFBF7C7FD08BD43
:1053DC0000007A41036889B2D3F8EC3018470368AF
:1053EC00D3F8DC301847D0F86801704700F00E0392
:1053FC00062B0BD0082B0CD00A2B0CD00138C0B2CA
:10540C00FD288CBF6FF00100002070476FF43070E6
:10541C007047024870470248704700BF3EFDFFFFCF
:10542C003DFDFFFF704700002DE9F0428AB00446B5
:10543C000F4601F0EBFE00230DF11C09012805AE0F
:10544C000546C9E9013307930593B3803DD194F820
:10545C006D31042B35D80433DBB28DF8243094F83D
:10546C006C318DF81C30D4F874310893B4F8723167
:10547C00ADF8143094F86F31003B18BF01238DF850
:10548C00173094F87031591E4B424B418DF8163041
:10549C0094F86E31003B18BF01238DF81830099B2E
:1054AC00039796E8030000930190ADF8081021686B
:1054BC00204699E80C008E6F2946B0470AB0BDE82B
:1054CC00F082072B08BF0823C7E730BBD4F87C0158
:1054DC00FBF7EAFA01462148FBF7F2FB0790D4F8F8
:1054EC008001FBF7E1FA94F88731089013F0FB0F79
:1054FC0011D0022B03D09A1F534253415B00B4F8D6
:10550C008C218DF81730ADF8142094F888218DF883
:10551C0016200025C3E70123F1E703280ED1B4F8C8
:10552C00A83102255BBAADF81C3094F8AF318DF878
:10553C001E3094F8AA318DF81430B0E7022809D146
:10554C00D4F87C01FBF7B0FA01460448FBF7B8FB32
:10555C000790DEE76FF01300B0E700BF00007A4958
:10556C0010B50C4659B101F051FE012802D00328A8
:10557C0003D038B92070002010BD0220FAE76FF07C
:10558C000200F9E76FF01300F6E708B50221D0F836
:10559C006801FFF70EFB4FF0FF3008BD37B50D4625
:1055AC00044690F86411D0F86801FFF702FB5DB96E
:1055BC000123CDE900330023D1211A46D4F8680128
:1055CC00FFF752FA03B030BD2946204601F000FE29
:1055DC000028EDD0F6E7002307B58AB211460093F8
:1055EC0001F0C8FD03B05DF804FB1FB50023ADF856
:1055FC000C300123CDE900331221022303AAD0F889
:10560C006801FFF7EFF9BDF80C0040BA80B205B0A5
:10561C005DF804FB2DE9F0410024FF270226054626
:10562C0086B0CDE90274CDE900462346224640F609
:10563C00E201D0F86801FFF766F9CDE90274CDE913
:10564C0000462346224640F6E501D5F86801FFF7EF
:10565C005AF96FF07F41284601F0D1FCD5F868313A
:10566C000A211868274603682646DB6998470123F8
:10567C0040F6190128460DF117028DF8176001F05C
:10568C0042FD9DF8170000F00100A04001343843A2
:10569C00082CC7B2EBD102244FF0FF082B68284628
:1056AC001B699847CDE90148039600960023012217
:1056BC0040F6E201D5F86801FFF725F9CDE902863D
:1056CC00CDE900640023012240F6E501D5F868011C
:1056DC00FFF719F9384606B0BDE8F08190F838109C
:1056EC0038B50229044605D0032911D06FF01805EE
:1056FC00284638BDD0F86801FFF75BFA2046D4F88D
:10570C00A41101F07CFC0546002384F83830EFE747
:10571C0090F86411D0F86801FFF74BFA002120468D
:10572C0001F057FC05460028E2D1D4F8683118681E
:10573C00D96A0268126990470028E5D0D4F868311C
:10574C00186803685B6D9847EFE7D0F8683110B5BF
:10575C000446186803681B699847C1B22046BDE827
:10576C00104002F03EBE10B504464FF4E471FDF754
:10577C005EFB204610BD036810B544F2FF31D3F830
:10578C00EC300446984728B923682046BDE8104001
:10579C001B69184710BD000010B5044601F036FD1A
:1057AC0001280ED123682046D3F884309847C305CE
:1057BC000AD410F0800F14BF6FF00E004FF0FF30C2
:1057CC0010BD6FF01300FBE70048F9E742FDFFFF47
:1057DC00F7B505460E4601F019FD012833D12B68AB
:1057EC0028461B699847044650BB0221D5F868012E
:1057FC00FFF7DFF9B168284602F0BEFDF1680746F5
:10580C00284602F0B9FD2346009482B2B9B228466C
:10581C0001F0B0FC044698B92B6844F2FF312846DD
:10582C00D3F8EC309847044650B973682846019376
:10583C00F3780093B3787278317801F0F7FB044673
:10584C00204603B0F0BD6FF01304F9E710B5044621
:10585C0001F0DCFC012812D1204601F00FFE10F4FF
:10586C00004FC0F3072018BFA0F58070FAF79AFD1F
:10587C000022044BFAF700FEFBF710F810BD0248AB
:10588C00FCE700BF0000D03F0000A0C12DE9F341B0
:10589C001D46036804461B690F46164698470028A8
:1058AC0046D16DB92368002EDB6F14BF3146FF2142
:1058BC00204698474FF47A7300EB8000B0FBF3F569
:1058CC002846FBF7F1F82D49FBF746F92C49FBF775
:1058DC00F7F9FBF743FB0022236800920146D3F84B
:1058EC001C8040F2722202232046C04700BBD4F831
:1058FC006831186803685B6A98478046D4F8683149
:10590C001868596A026812699047A0B1002523688B
:10591C0020461B69984718B16FF43073984207D131
:10592C002368D5B123682046DB6A98476FF00500E1
:10593C0002B0BDE8F081D4F86831186803685B6D7B
:10594C009847D4F86831186803685B6A9847A0EBED
:10595C0008008542D2D20125D9E7D3F884302046FD
:10596C009847636B1842DDD132463946204623688E
:10597C001B6B02B0BDE8F041184700BF00007A4431
:10598C0000007A41036810B5D3F894300446984768
:10599C0030B110BDD4F86831186803685B6D984756
:1059AC00D4F868311868596A02681269904700285F
:1059BC00F0D023682046BDE81040D3F89830184743
:1059CC0038B504460D4602F0B3FC344A344BC4F8E7
:1059DC0050210022C4F86021C4F87421C4F890212D
:1059EC0040F201620320012123600023A4F8A821C6
:1059FC002C4AC4E95F33126984F84D3184F8543170
:105A0C00C4F8583184F85C3184F86401C4F86C3102
:105A1C0084F87031A4F8723184F87811C4F88431A8
:105A2C00A4F8883184F88A31A4F88C31C4F8943104
:105A3C00A4F8983184F89A31C4F89C3184F8A031D8
:105A4C00C4F8A43184F8AA01C4F8AB2184F8AF31AE
:105A5C00C4E96C33C4E96F33A4F8B831C4F8C43169
:105A6C00114B02226360FF23A36004232161C4E96C
:105A7C000523082110232020C4E907134023C4F870
:105A8C006851C4E9090380254FF48073C4E90B53B2
:105A9C004FF400732046636338BD00BFCDCCCC3FC0
:105AAC00BCB4000820AB00080024743F10B5032AD6
:105ABC00BDF8084011D8092980F8A82110D85A1E21
:105ACC00032A80F8A9110ED8B4F5007F80F8AA310A
:105ADC000CD2A0F8B841002010BD6FF00900FBE714
:105AEC006FF00700F8E76FF00A00F5E76FF0690058
:105AFC00F2E770B504460D46D0F868311868996A1B
:105B0C00026896688268B047D4F868311868996A58
:105B1C000268D668C268B047D4F8683101211868A9
:105B2C000368DB699847D4F868311868996A026889
:105B3C00D6680269B047F5B1D4F8683118680368C3
:105B4C005B6A98470646236820461B6998470546BA
:105B5C0088B1D4F86831186803685B6A9847801B71
:105B6C00B0F57A7F08D2D4F868310A211868036836
:105B7C00DB699847E7E70025284670BD036810B538
:105B8C00D3F8843004469847430410D5D4F8C41194
:105B9C00204601F00F0101F04BF950B92368204663
:105BAC00BDE8104044F2FF31D3F8EC3018476FF0E9
:105BBC00040010BD2DE9F0479846036804461B69A4
:105BCC000F4616469847002841D194F86D31042BA6
:105BDC003FD9072E5BD994F86F31012B39D1FD2EAB
:105BEC0058D823683146DB6F204698472368054612
:105BFC00D3F824903246434639462046C84730BB3A
:105C0C004FF47A73204605EB8505B5FBF3F501F0EF
:105C1C00FDFAD4F8683106461868053503685B6AE6
:105C2C0098470746D4F86831186803685B6D984745
:105C3C00D4F86831186803685B6A9847C01B8542C2
:105C4C0009D2236820469B6A98476FF00400BDE890
:105C5C00F087FF2EC4E7D4F868311868596A0268D7
:105C6C00126990470028DDD0032E236809D1D3F8A0
:105C7C00843020469847C30703D42046FFF77EFFA5
:105C8C00D0E723682046BDE8F0479B6A18476FF0C1
:105C9C001D00DCE76FF00300D9E700001FB571B100
:105CAC0001F0ECFBC0B2FAF77DFB00220E4B01F1C8
:105CBC000041FAF7E1FBFAF7F1FD04B010BD012346
:105CCC00CDE900338DF80F100DF10F021521D0F82E
:105CDC006801FEF787FE9DF80F00FAF7E5FE4FF01E
:105CEC003F41FAF739FFE8E70000E03F0121FFF7F9
:105CFC00D5BF30B585B00546144601F087FA0128AA
:105D0C0008D195F87031012B04D11CB9D5F89C0140
:105D1C0005B030BD0023ADF80C300123CDE90033C4
:105D2C0013210223D5F8680103AAFEF75BFE14B118
:105D3C009DF80D3023709DF80C00E9E72DE9F34137
:105D4C000546D0F868010F461646FEF7B5FE2B68DF
:105D5C000446D3F88430284698476FF430739C423D
:105D6C0008D110F4007F18BF6FF00504204602B074
:105D7C00BDE8F081002CF9D143062CD400F03000A2
:105D8C00202814BF4FF000086FF0060800230121F3
:105D9C0028460DF107028DF80730FFF7AAFF16B160
:105DAC00B04228BF3046C2B2394628469DF807306B
:105DBC0001F0CCF904460028D8D12B6844F2FF310D
:105DCC002846D3F8EC309847B8F1000F0CBF0446C6
:105DDC006FF00604CAE76FF00608D7E70022FFF75A
:105DEC0088BF73B5054608464FF07E511646FAF744
:105DFC00A9FD4FF07A51FAF7AFFE03F0C5FDFBF7A2
:105E0C00ADF84FF07E51C4B23046FAF79DFD4FF01D
:105E1C007A51FAF7A1FE03F075FDFBF79FF8E10745
:105E2C00C3B25CBF04F1FF34E4B2DA075CBF0133E8
:105E3C00DBB2284601A98DF804408DF8053001F03D
:105E4C00D7F902B070BD002373B505460846ADF80E
:105E5C0004300C46FBF75CF8A0F286331A2B21D9E0
:105E6C00A0F25F33072B28D9A0F20B33082B27D9CC
:105E7C00A0F5EB73282B26D9A0F5D7730A2B25D9BF
:105E8C004FF081412046FAF75FFD4FF08141064605
:105E9C002046FAF757FD324601462846FFF7A1FF88
:105EAC0002B070BDE122E923284601A98DF8042037
:105EBC008DF8053001F09CF9F2E7D722DB23F3E7EC
:105ECC00C122C523F0E775228123EDE76B226F23F6
:105EDC00EAE70000002337B540F689018DF807305A
:105EEC000DF107020123044601F00DF9E8B9204633
:105EFC0001F08CF901289DF8075018D10D49D4F800
:105F0C007401FAF71FFD0C4920F00040FAF7CCFFA2
:105F1C0068B105F0FB05012340F6890120460DF11F
:105F2C0007028DF8075001F0E7F803B030BD45F0DB
:105F3C000405F0E70000FA436F12833A2DE9F041B3
:105F4C00022905460E461746C8B006D003297ED056
:105F5C006FF0180048B0BDE8F08190F87031012B5B
:105F6C0003D1D3680BB1C0F89C312B6828461B6950
:105F7C0098470028EED16FF07F433A6879689A42CF
:105F8C0018BFBB6828461CBF43F40073BB6002F00B
:105F9C00F3F9B9680446284602F0EEF9002382B200
:105FAC0000932846A1B201F0E5F80028D2D10246B0
:105FBC000146284601F041FA0028CBD12B6844F267
:105FCC00FF312846D3F8EC3098470028C2D1284638
:105FDC0001F01CF901281AD195F8A031284601933B
:105FEC0095F87031009395F89C3195F86F21B5F8C0
:105FFC00721101F0A7F93B68013304BF6FF07F43C6
:10600C003B603B68C5F8A43185F83860A2E710B155
:10601C004FF0FF309EE795F88A01B5F88C1195F892
:10602C00842195F8873195F888C195F889E160B994
:10603C0095F89C41CDE903040020CDF808E0CDE9AA
:10604C0000C0284601F0A4F9D5E7FF24F2E7536815
:10605C00FF2B00F2DE8001F0D9F80128044616D19E
:10606C0095F8A0312846019395F8703100933B794F
:10607C0095F86F21B5F8721101F064F900287FF4DE
:10608C0069AF0023012240F20121009338E0A8B946
:10609C003B79049395F88A31039395F88931CDE9CE
:1060AC00010395F888312846009395F8873195F8C7
:1060BC008421B5F88C1101F06BF9DFE7022818D1B7
:1060CC0041F6705243F20F70D5F87C317968642B2D
:1060DC004FEAC1039BB20093C9B240F2E14308BF3F
:1060EC00134640F62F1208BF0246284601F079F9F4
:1060FC00C4E703288CD144F201020023114600931B
:10610C00284601F037F800287FF424AF02460146F8
:10611C00284601F092F900287FF41CAF032C19D00B
:10612C0003463A792846396800F0FCFF00287FF4D2
:10613C0011AF2B6844F2FF312846D3F8EC30984766
:10614C0000287FF407AF2846FFF7C4FE00283FF471
:10615C005BAFFFE6284600F0BBFD00287FF4FAAEEB
:10616C00044695F8AA31C3F10403A3424CDC002485
:10617C00FB22214609A8089403F081FE05F5E07383
:10618C00C5E96F44C5F8C4410DF11C08029305F52F
:10619C00DE73CDE900832846D7E9001208AB0794DB
:1061AC0000F01CFB00287FF4D5AE03469DF81C20A4
:1061BC00284608A900F0B6FF00287FF4CBAE0123D7
:1061CC008DF81830079B40F285318DF81930D5F8D1
:1061DC00C03128468DF81A3006AA032300F08CFF34
:1061EC0000287FF4B7AE95F8C0710446102F28BF75
:1061FC001027A7429DD92846E1B200F019FE0028CD
:10620C007FF4A8AE0134F4E7284600F0F7FD013422
:10621C00A7E76FF003009DE6002337B50D468DF818
:10622C00073040F6D80101230DF10702044600F0B7
:10623C006AFF70B99DF807306DB143F01E038DF8FD
:10624C00073040F6D801012320460DF1070200F07B
:10625C0053FF03B030BD23F01E0343F00803EEE7F9
:10626C0037B590F870310446012B02D0002003B0F2
:10627C0030BD00F0CBFF01280546F7D1002340F6D6
:10628C0002118DF806300DF106020346204600F08F
:10629C0033FF0028EBD18DF807002B4640F6441154
:1062AC0020460DF1070200F02EFF0028DFD19DF8EB
:1062BC00073040F6441143F002038DF807302046B6
:1062CC002B460DF1070200F017FFD0E7036810B55D
:1062DC001B690446984760B92046FFF7C1FF40B9D7
:1062EC0023682046BDE8104044F2FF31D3F8EC306F
:1062FC00184710BD002337B50D468DF8073040F216
:10630C00367101230DF10702044600F0FCFE88B93A
:10631C009DF80730012D0CBF03F0FB0343F0040381
:10632C008DF8073040F23671012320460DF107023B
:10633C0000F0E2FE03B030BDF0B585B0044600F0CD
:10634C0065FF0246002877D1FF26D4F87C31D4F8BB
:10635C006801B3F5966F0392029609D102210423CA
:10636C00CDE9003140F6B801FEF7CDFA05B0F0BD2D
:10637C000225B3F5167F4FF00303CDE900354FF03E
:10638C0004032ED1182240F2D161FEF7BCFA00288A
:10639C00ECD10423CDE90260CDE900551A4640F654
:1063AC009B01D4F86801FEF7AEFA0028DED1042771
:1063BC00CDE902600195009702463B4640F6B801D4
:1063CC00D4F86801FEF79FFA0028CFD1062350229B
:1063DC00CDE90260CDE9007540F2AC61D4F86801FA
:1063EC00C2E7082240F2D161FEF78DFA0028BDD138
:1063FC00CDE90260CDE900550246042340F69B012D
:10640C00D4F86801FEF77FFA0028AFD10427CDE954
:10641C000260019500973B46102240F6B801D4F873
:10642C006801FEF770FA0028A0D106230246CDE9D8
:10643C000260CDE90075CFE7002097E7F0B505467F
:10644C000F460A24002685B02B7B1BB10121284660
:10645C00FFF74FFB10224FF44871D5F868016B46DB
:10646C00CDE90066CDE90266FEF73BF906226946E6
:10647C00384603F00CFD10B9012005B0F0BDD5F87D
:10648C0068310A211868013C0368DB69984714F0ED
:10649C00FF04D9D12046F0E770B50446D0F8680166
:1064AC000E46FDF7E5FFD4F868311868596A0268A2
:1064BC0095684268A847D4F868311868D96A0268A8
:1064CC0095684268A8474FF40162D4F868314FF4DC
:1064DC0040011A820122DA74D4F868312B481A71FF
:1064EC002B4AC3E902015A612046D4F85811FFF730
:1064FC00A5FF38B9D4F86801FDF7D0FF6FF001059E
:10650C00284670BDD4F8505100212846FAF7E0FC1B
:10651C0068B93146204601F010FE054688B994F85A
:10652C0054316BBB2046BDE8704001F0A6BC294637
:10653C0041F28832204601F0C9FC05460028E8D01B
:10654C00DEE7236820461B699847204600F0B8FF19
:10655C00104B9D42D4D18306D2D5002141F2883212
:10656C002046C4F8501101F0B1FC05460028C7D1F3
:10657C003146204601F0E1FD05460028CFD0BFE7AB
:10658C002046BDE8704001F075BC00BF1D000D0039
:10659C00F95300083DFDFFFFF7B51D46254B164688
:1065AC00C0F87431062380F85C310023C0F89431B4
:1065BC0080F87031FF23204A0F46A0F87251012158
:1065CC00C0F86C21C0F89C310446FFF765FF70BB26
:1065DC0002463946204601F04EF840BB4422314673
:1065EC00204601F075F810BB2368294620461B6E27
:1065FC009847E0B92046114901F08AF8B8B9012151
:10660C00204601F01DFD90B9012341F60F52009375
:10661C00022141F22103204601F05EFB38B901460C
:10662C00204623681B6D03B0BDE8F040184703B04B
:10663C00F0BD00BF0000FA430903000100007042E6
:10664C002DE9FF4117461E4645F255324CF6CC4318
:10665C00C0E95F23304BBDF82850C0F890311A23A5
:10666C0080F8853140F209638846A0F88631002114
:10667C00A0F88C510446FFF70FFF002849D123687E
:10668C00414620461B6C9847002842D12368394666
:10669C0020465B6C984700283BD13146204601F0E0
:1066AC0059FA002835D120461C4901F031F880BB3D
:1066BC002368294620461B6E984750BB4AF6125356
:1066CC00ADF80C30236802222046DB6D03A99847F5
:1066DC00F8B9236801469B6C20469847C8B92368D3
:1066EC000146DB6C2046984798B9FF21204601F003
:1066FC000BFD70B9012541F2210341F60F52022125
:10670C002046009501F0E8FA18B92946204601F018
:10671C0097FC04B0BDE8F08133331C430000704299
:10672C0038B50D4602210446FFF7B6FE58B923686A
:10673C00294620461B6C984728B92046BDE83840AE
:10674C00012101F07DBC38BD70B50D4686B003212A
:10675C0080F8AF3104461646FFF79EFE88BB2046F4
:10676C001C4900F0D5FF60BB0121204601F068FCFC
:10677C0038BB034602460146CDE90300CDE90100D2
:10678C000090204600F004FED8B90B2384F8863123
:10679C00236884F88501C4F880011B6C20460E49DF
:1067AC00984770B9032E0ED8092D84F8A8610DD81E
:1067BC00032384F8AA314FF4807384F8A951A4F808
:1067CC00B83106B070BD6FF00900FAE76FF0070042
:1067DC00F7E700BF000070420000FA3E2DE9F04FD1
:1067EC00834691461C460020FF22ADF5297D484585
:1067FC0040F0C9801023AE48002647F25B57037067
:10680C004FF6FF734A462146C0E90173C66001F09A
:10681C002EFEC0F3072304F8093004EB090358706B
:10682C0009F102034FF41772E654314611A805938F
:10683C0009AD109603F023FB03219E482E6001F056
:10684C0059FE09F10203DA00214610AB06329948D1
:10685C00009501F053FEFF223146204603F00FFB5A
:10686C009BF8A871032F2DD0934B0CAA03F1080CA5
:10687C00164618685968083303C663453246F7D183
:10688C00186899889B79022FB37198BF8B4B306035
:10689C00B18098BF13F807C02B6888BF4FF0000C6D
:1068AC00029300234FF0010A1A4618460DF13008E6
:1068BC00029999427BD1099207322146D20810A83D
:1068CC0003F0B9FB0022099B029393B25B4302983D
:1068DC001146834202F10102F7D3C1F34E028BB28F
:1068EC0000215B009BB204939BF8AA310692C3EB88
:1068FC00C30203EBC2038A460A465B00BDF908508B
:10690C009BB2002D74DC6FF071019BF8AA2100265C
:10691C0001FB023309939BF8AF319BF8A8219BF83C
:10692C00A9119B0043EAC20343EAD10343F00203DB
:10693C008DF82930BBF8B8315D4F1A091B018DF861
:10694C002B30082342EA41128DF82A203B702F226B
:10695C00FF233546C7E901238DF82890FE609BF88C
:10696C00AA11B14200F2AC80059B9BF8A821DB0078
:10697C0006339BB2032A00F27881DFE812F06A0139
:10698C0072019D019F010B5C53401D0145EA1313DD
:10699C002354130983EA521383EAD20303F001034D
:1069AC0083EAD2135200D2B21A4301301FE718F80F
:1069BC000010B9B110AFDE08BE5DDF43D5434FEA1E
:1069CC00D20E07F0070714F80E1005F007053E412C
:1069DC00F6070AFA05F546BF2943C9B2A94304F8DC
:1069EC000E1001320130844508BF002001335FE7EF
:1069FC00302D2846A8BF30200390D8434FF0010C0F
:106A0C00DE08A75D00F007000CFA00F027EA00078B
:106A1C0003EB0C00A755C710C04300F007000CFA9D
:106A2C0000F04FF0000CE65D26EA0006E6559F1CD0
:106A3C00FE434FF0010E06F007060EFA06F60DF1B6
:106A4C0040084FEAD20E18F80EE06FEA0208F81070
:106A5C0008F0070807904EFA08FE205C1EF0010FA4
:106A6C0016BF3043B043C0B2FE10A0550498024488
:106A7C00029892B290420BD8069A0498524492B261
:106A8C0090429FBF013189B20A468A4688BF92461E
:106A9C00039E0CF1010C0FFA8CF0864207F10107F2
:106AAC00C6DC30460230303D18442DB283B228E7A4
:106ABC00640700206007002038AB0008B3B500085D
:106ACC009DF82B300139891B23F00C0343EA810319
:106ADC0004220AA938464FF000098DF82B3001F03A
:106AEC00C6FCCDF8309002218DF82C007548CDF8FD
:106AFC003490ADF8389001F0FDFC28220DF13008EF
:106B0C000DEB020143466F48CDF8009001F0F6FC06
:106B1C00282243460DEB02016A48CDF8009001F0A3
:106B2C00EDFCEB434FF0010EEA08A15C03F0070308
:106B3C000EFA03F321EA0303A35405EB0E03DA1058
:106B4C00DB43A15C03F007030EFA03F321EA030312
:106B5C00A3545D4B05F1020C029305F12A00029B34
:106B6C006FEA0C0213F8011B4FEADC0A4FEAD10959
:106B7C00C94318F8099001F00701029302F00702CB
:106B8C0014F80A3049FA01F919F0010F0EFA02F261
:106B9C0018BF13430CF1010C14BFDBB293436045D7
:106BAC0004F80A30DBD105F17203DFF8209105F10E
:106BBC004A0C02930DF1300A6FEA0C024FF0010EF1
:106BCC0019F8011F02F007020EFA02F24FEAD10E79
:106BDC00C9431AF80EE04FEADC0801F0070114F87B
:106BEC0008304EFA01FE1EF0010F1ABF1343DBB240
:106BFC00934304F80830029B0CF1010C6345DBD184
:106C0C0000214FF001096FEA010EC2430BEBD10CCE
:106C1C009CF8ABC14FEAD0080EF0070E14F8083000
:106C2C0002F007024CFA0EFC1CF0010F09FA02F2FA
:106C3C0018BF134301F1010114BFDBB293432029A8
:106C4C0004F8083000F10100DDD17235ADB2013627
:106C5C0085E60622534305220433B3FBF2F39BB2C1
:106C6C0003E003EB4303C3F34F03302003F12F0284
:106C7C00B2FBF0F20A44B4990A60B3FBF0F100FBEA
:106C8C00113301EB810202EB820252009BB292B2F1
:106C9C0013B102331A4492B2722100209BF8AA312C
:106CAC0001FB0322B39B1A60B29B0732D2081A6015
:106CBC000DF5297DBDE8F08F5B00D0E703EB4303B6
:106CCC00CDE700BF60070020B6B50008DDB50008B1
:106CDC00034670B5454A8AB005AC02F1100625464C
:106CEC0010685168083203C5B2422C46F7D11068BF
:106CFC003F4A2860106892880390ADF810203D4AF6
:106D0C000AA8029249F28E52ADF8042093F8AF21F2
:106D1C00002A0CBF3421082193F8A92100EB420270
:106D2C0032F8142CB2FBF1F20621632AA3F8B0213D
:106D3C00A3F8B2112AD037D83C2A53D022D81E2A15
:106D4C0019D8092A1BD92C4921FA02F2D20716D5D7
:106D5C00B3F8B8210AA901EB921111F81C1CB2F579
:106D6C00C07FA3F8B41102F03F01A3F8B61106D20C
:106D7C0000200AB070BD232AEAD02F2AE8D06FF089
:106D8C006900F6E73E2A2DD0562AF8D1B3F8B8217F
:106D9C000AA901EBD21111F8201C02F07F02A3F812
:106DAC00B411A3F8B621E3E7B2F5C37F13D00ED824
:106DBC00B92A01D0C62AE2D1B3F8B8210AA901EB4D
:106DCC00122111F8241CD2B2A3F8B411E9E740F255
:106DDC0093118A42D3D14FF48472A3F8B421B3F83F
:106DEC00B821DEE73822A3F8B221B1E748AB00089E
:106DFC00ACB500084144474800044050024610B569
:106E0C00B0F8B231B0F8B611B0F8B04103F00100EF
:106E1C005B0818B1B2F8B40143409BB299420CBF65
:106E2C00084681EA03008442F0D3A2F8B23110BDC7
:106E3C00D0F8C0312DE9F34104460E46002B65D045
:106E4C00FFF7DCFFB4F8B031471EBAB23FB2B7EB74
:106E5C00530FA8BFD21A03F0010594F8AF31A8BFA5
:106E6C0017B20135002B55D04FF48058AD004FF0C0
:106E7C009841D4F86001F9F76FFE4FF07451F9F7AF
:106E8C006BFEFAF76BF86D0208FB0755D4F8C421BA
:106E9C0094F8AA31401B9A4204D29B1ADB0758BFC4
:106EAC0000F58070042306EB460700BA7F000190C2
:106EBC000DEB0302204607F28A3100F01DF930BBBE
:106ECC006EB394F8AA31B3422BD8D4F8BC51312DFF
:106EDC0029D8ADB200236A468DF800302046022333
:106EEC0007F562718DF8015000F006F978B9D4F805
:106EFC00BC315B1BC4F8BC31D4F8C031013BC4F8C5
:106F0C00C031D4F8C4310133C4F8C431002002B00C
:106F1C00BDE8F0811A234FF4D0485D43A7E77325F1
:106F2C00D8E77225D6E73225D4E70000014801F0F6
:106F3C00DDBA00BF6007002030B5044685B00D46B1
:106F4C00D0F868010121FDF734FE0023CDE90033B0
:106F5C000DF10F0201238421D4F86801AD008DF8E6
:106F6C000F50FDF781FD0546D4F8683101211868F2
:106F7C000368DB699847284605B030BD0121FFF74F
:106F8C00DBBF7FB5164604460D46D0F868010121DB
:106F9C00FDF70FFE46B10023CDE900331A46194622
:106FAC00D4F86801FDF760FD0123CDE900338021A1
:106FBC00D4F8680103AA8DF80C50FDF755FD04B008
:106FCC0070BD012290F84D11FFF7DBBF0122FFF7D6
:106FDC00D8BF1FB50B0C8DF80C300B0A8DF80D308B
:106FEC000123CDE900338DF80E100323832103AA6E
:106FFC00D0F86801FDF738FD05B05DF804FB1FB54E
:10700C000B0C8DF80C300B0A8DF80D30002201237F
:10701C00CDE900328DF80E100323822103AAD0F89B
:10702C006801FDF721FD05B05DF804FB2DE9F04387
:10703C000D4617461C4685B090F86C9106460D9887
:10704C00F9F732FD1F49F9F73BFEF9F787FFFF2DE2
:10705C0008BF0225FF2F04BF09F10D095FFA89F75C
:10706C00FF2C08BF0A248DF80A4001249DF83080BB
:10707C00CDE90044B8F1FF0F08BF4FF00008030C36
:10708C008DF80C30030A8DF80D308DF80E000723A7
:10709C008821D6F8680102AA8DF808508DF809707D
:1070AC008DF80B80FDF7E0FC40B9CDE900440346B8
:1070BC000246C521D6F86801FDF7D6FC05B0BDE83F
:1070CC00F08300BF00007A411FB58DF80D309DF89C
:1070DC0018308DF80C108DF80F300123CDE90033EA
:1070EC008DF80E200423952103AAD0F86801FDF732
:1070FC00BBFC05B05DF804FB08B5D0F86801FDF7E2
:10710C0079FB002008BD10B5044610461A4603460C
:10711C00D4F86801FDF7E5FAD4F86801BDE8104031
:10712C00FDF7CABC10B586B08DF8153001230E24BE
:10713C00CDE9013300920B46022205A9D0F8680173
:10714C008DF81440FDF776FC06B010BD10B586B076
:10715C008DF8153001231E24CDE9013300920B4626
:10716C00022205A9D0F868018DF81440FDF721FC26
:10717C0006B010BD1FB55BBAADF80C30BDF81830B9
:10718C0049BA5BBAADF80E300123CDE900330823C0
:10719C0052BAADF80810ADF80A2019460DEB0302EF
:1071AC00D0F86801FDF760FC05B05DF804FB1FB575
:1071BC000123CDE90033022349BAADF80C1003AA20
:1071CC001946D0F86801FDF74FFC05B05DF804FBDB
:1071DC001FB50123CDE9003309BA0391042386219D
:1071EC0003AAD0F86801FDF73FFC05B05DF804FB7D
:1071FC00012307B5CDE900330A4602239821D0F8C4
:10720C006801FDF731FC03B05DF804FB1FB5FF23EB
:10721C008DF80F300123CDE9003311210DF10F0250
:10722C00D0F86801FDF7DEFB9DF80F0005B05DF8A6
:10723C0004FB012330B585B0CDE9003304460D467F
:10724C008DF80C108DF80D2002238E21D0F86801DA
:10725C0003AAFDF709FC08B984F8985105B030BDB4
:10726C002DE9F0431E4690F8783185B005468846E6
:10727C0017469DF83040A3B14FF0010990F86C010E
:10728C0009FA00F0F9F710FCD5F87411F9F718FDAC
:10729C004FF08341F9F712FE0028044618BF4C4604
:1072AC00E4B2012385F86E41CDE900338B21042330
:1072BC00D5F8680103AA8DF80C808DF80D708DF847
:1072CC000E608DF80F40FDF7CFFB05B0BDE8F083E5
:1072DC0030B585B0089C8DF80C30230C8DF80D3032
:1072EC000123CDE9003308230D0C8DF808508DF8DF
:1072FC000A100D0A8DF80B208B2164BA0DEB0302DA
:10730C00D0F868018DF80950ADF80E40FDF7ACFBD4
:10731C0005B030BD1FB50B0C8DF80C300B0A8DF879
:10732C000D300123CDE900338DF80E108DF80F20B0
:10733C0004238B2103AAD0F86801FDF795FB05B057
:10734C005DF804FB2DE9FF419DF82C800C4641466D
:10735C00064617461D46FEF7CDFFB0B99DF82830FE
:10736C0064BA8DF80A300123CDE900338C21062351
:10737C00D6F8680102AAADF808408DF80B508DF8CC
:10738C000C708DF80D80FDF76FFB04B0BDE8F0813B
:10739C007FB58DF813309DF828308DF80E208DF8C0
:1073AC00143001239DF82020CDE900338DF80F20F7
:1073BC009DF8242049BA8DF810209DF82C20ADF8AA
:1073CC000C108DF811209DF8302009238DF8122017
:1073DC008C2103AAD0F86801FDF746FB07B05DF8D5
:1073EC0004FB30B585B00546BDF820008DF80810BB
:1073FC008DF80A20110A8DF80C301A0A030A8DF840
:10740C000D300123CDE900338DF809108DF80B20D8
:10741C008DF80E008C21D5F8680102AAFDF724FB2B
:10742C00044638B90623F021D5F868010DF109029C
:10743C00FDF7E0F9204605B030BD1FB50123CDE9BD
:10744C0000338DF80C108DF80D2002238F2103AA28
:10745C00D0F86801FDF708FB05B05DF804FB1FB51B
:10746C000123CDE900338DF80C1003AA9621D0F836
:10747C006801FDF7F9FA05B05DF804FB1FB50F4B79
:10748C0014211A889B78ADF80C208DF80E3001234E
:10749C00CDE9003303AA0323D0F86801FDF7A2FA63
:1074AC009DF80D309DF80C209DF80E001B0243EA50
:1074BC000243184305B05DF804FB00BF5CAB000849
:1074CC001FB50023ADF80C300123CDE90033172193
:1074DC00022303AAD0F86801FDF784FABDF80C006A
:1074EC0040BA80B205B05DF804FB1FB50023ADF8BF
:1074FC000C300123CDE900330721022303AAD0F875
:10750C006801FDF7B1FA05B05DF804FBD0F86831FD
:10751C002DE9F0411D6804462A680E465769596AE0
:10752C002846926D9047D4F8683101461B68324664
:10753C002846BC46BDE8F0415B696047D0F868312D
:10754C0070B51C68596A226820469569926D9047FF
:10755C002B4601462046BDE8704018470368D3F817
:10756C00DC3018470368D3F8E030184773B505468C
:10757C000E46FFF74BFE0128044656D1002130463B
:10758C00F9F79CFC00283BD030462949F9F78CFCD4
:10759C00002835D04FF07C513046F9F7DDFA2549FB
:1075AC00F9F7D2F9F9F7DAFCC3B2142B21D8022B74
:1075BC0026D9033B112B23D8DFE803F02F22092215
:1075CC000A222229222222222B222222222D0824A4
:1075DC0095F86E3185F85C41C5F8746100932246CC
:1075EC00284695F86D3195F86C11FFF739FE02B00D
:1075FC0070BD7D2B13D006D81F2B12D03E2B12D072
:10760C006FF00700F3E7FA2BFAD10624E0E7092420
:10761C00DEE70224DCE70A24DAE70024D8E70524B5
:10762C00D6E70324D4E70424D2E76FF01300DEE797
:10763C000000FF430AD7233C37B504460D46FFF73D
:10764C00E5FD012811D16B1F072B11D894F86E3171
:10765C0084F86C5100932946204694F86D3194F8C7
:10766C005C21FFF7FDFD03B030BD6FF01300FAE7AE
:10767C006FF00800F7E773B505460C461646FFF7A2
:10768C00C5FD01281ED1231FDBB2042B1DD8BEB1B2
:10769C00062C11D8042C08BF002495F86E3185F8FF
:1076AC006D4100932846234695F85C2195F86C11A2
:1076BC00FFF7D6FD02B070BD082C06D10724ECE70D
:1076CC001C46EAE76FF01300F4E76FF00900F1E7EE
:1076DC0073B506460D461446FFF798FD012814D1E4
:1076EC0025F00F0343EA141304F00F0444EA0511C8
:1076FC008DF804308DF8051002234FF4E861304604
:10770C0001AAFFF7F9FC02B070BD6FF01300FAE7A5
:10771C0037B50C46054600212046F9F7CFFBB0B132
:10772C0020460C49F9F7C0FB88B10B492046F9F704
:10773C00C7FAF9F713FC01238DF8070040F6E701AF
:10774C0028460DF10702FFF7D7FC03B030BD6FF0F0
:10775C001000FAE700000C4300002040F0B587B0A1
:10776C0005460C46FFF752FD012811D195F8A031C2
:10777C00A1B2A5F87211019395F8703128460093C7
:10778C0095F89C3195F86F21FFF7DCFD07B0F0BD43
:10779C0078BB95F88801A1B281420A46A8BF02467F
:1077AC001F2AA5F88C111CDC172A1CDC0F2A1CDCE8
:1077BC00003A18BF0122920095F88A4195F887315A
:1077CC0095F8897185F884218CB995F89C61CDE97F
:1077DC00034600240297CDE900042846FFF7D8FDA4
:1077EC00D4E70722E8E70622E6E70522E4E7FF26CE
:1077FC00EDE74FF0FF30C9E737B504460D46FFF70C
:10780C0005FD68BB00212846F9F744FB60B9284602
:10781C001549F9F753FB20B128461449F9F744FBF5
:10782C0018B96FF0650019E00F4D11492846F9F7AA
:10783C0093F94FF09841F9F78FF90E49F9F740FA9F
:10784C00F9F78CFBC4F88001009094F88531204640
:10785C0094F88621D4F87C11FFF73AFD03B030BDC3
:10786C006FF01300FAE700BF9A99193F00004843E4
:10787C0000007A440024F44B37B504460D46FFF75C
:10788C00C5FC002839D0032805D0022810D06FF091
:10789C00130003B030BD28462449F9F70FFB20B183
:1078AC0028462349F9F700FB38BB6FF06400F0E77A
:1078BC0028462049F9F702FB0028F6D028461E4935
:1078CC00F9F7F2FA0028F0D01C492846F9F744F9E8
:1078DC0001461B48F9F7F4F9F9F740FB162201466B
:1078EC00C4F87C012046FFF715FD0028D1D12046B5
:1078FC0003B0BDE83040FEF71FBD28460F49F9F72D
:10790C002BF901460E48F9F7DBF9F9F727FBD4F808
:10791C008031C4F87C010093014694F885312046EF
:10792C0094F88621FFF7D4FCDFE700BF23DBF93E98
:10793C00355EFA3ECDCCCC3D9A99193F00007A4485
:10794C000024744EF0B589B003AC84E80E000368D3
:10795C000DF11F01D3F8CC3005469DF83860049F1B
:10796C0098470446002851D1032E9DF81F3002D0B1
:10797C009E420FD13346E3B92B6828461B6C039902
:10798C0098470446002841D12B68394628465B6C41
:10799C0098470CE02B6828461B69984738B92B6828
:1079AC0031462846D3F8C83098470028E2D0044620
:1079BC002CE0012B17D12B682846D3F8E8309DF822
:1079CC000C109847044608BB2B6839462846D3F858
:1079DC00E43098470446C8B902469DF8141028466E
:1079EC00FFF749FEE3E7022B10D14FF480732846D2
:1079FC0000939DF80D2003239DF80C10FEF756F80C
:107A0C000028D4D19DF80E3085F8AF31204609B04E
:107A1C00F0BD000030B585B004AC04E90E009DF853
:107A2C002030029C032B07D1036808A9D3F8CC3073
:107A3C00984718B105B030BD4FF0FF309DF820309D
:107A4C00CBB9019D1F492846F9F738FA68B3284687
:107A5C001D49F9F729FA40B320461A49F9F72EFACD
:107A6C0030B320461949F9F71FFA002814BF00203B
:107A7C006FF06500DEE7012BDCD19DF80430053B8F
:107A8C00072B18D800212046F9F718FAB0B1204678
:107A9C000F49F9F709FA88B19DF80C30043B042B17
:107AAC0094BF00206FF00900C4E76FF06400C1E7D9
:107ABC006FF06500BEE76FF00800BBE76FF00700E2
:107ACC00B8E700BF9A99193F00009643000048435D
:107ADC000000FF43F0B58BB01D466B468C46164636
:107AEC001F461A4C04F1280E1A46206861680834A7
:107AFC0003C274451346F7D160461549F9F72CF8C3
:107B0C00F9F72CFA3A46002380B26C1E9C420DD831
:107B1C00F8F7CEFF0E4905461098F9F71DF8014607
:107B2C002846F9F7C1F968B1335D04E032F8021B5D
:107B3C00814205D9F35C0020119A13700BB0F0BD93
:107B4C000133E3E76FF06700F8E700BF60AB0008B4
:107B5C0000002041F0B589B004460F46FFF756FBF4
:107B6C0048BB02AD2A46154B03F1100C2E46186883
:107B7C005968083303C663453546F7D118681B7935
:107B8C003060337104F2851301930D4B3946009329
:107B9C0020461523FFF79EFF58B9D4F880312046B4
:107BAC00009394F8853194F88621D4F87C11FFF772
:107BBC008FFB09B0F0BD6FF01300FAE706B60008B2
:107BCC000080E94337B505460C46FFF71FFB08B1AB
:107BDC0003281CD1042C1DD8DFE804F00403131572
:107BEC0017000824D5F8803185F886410093224689
:107BFC00284695F88531D5F87C11FFF769FB03B061
:107C0C0030BD0924EEE70A24ECE70B24EAE76FF019
:107C1C001300F4E76FF06900F1E7F0B587B00546A3
:107C2C000E461446FFF7F2FA00283CD1082C50D827
:107C3C00E4B2234632464FF4D8612846FFF75CFA8B
:107C4C0038BBB5F88C11E400E4B2A1420A46A8BFD7
:107C5C0022461F2A85F888411DDC172A1DDC0F2AB5
:107C6C001DDC003A18BF0122920095F88A0195F8A4
:107C7C00873195F8897185F8842190B995F89C61C4
:107C8C00CDE9030600200297CDE900402846FFF716
:107C9C007FFB07B0F0BD0722E7E70622E5E70522E8
:107CAC00E3E7FF26ECE7012809D1012C11D8442287
:107CBC002846317807B0BDE8F040FFF709BD03282E
:107CCC0004D1042C05D13368C5F8AB316FF0130027
:107CDC00DFE76FF06800DCE72DE9F04188B004467F
:107CEC000D4617461E469DF83880FFF78FFA002880
:107CFC004AD1012D08D0022D3DD0002D40D06FF47B
:107D0C002F7008B0BDE8F0814FEA88085FFA88F55B
:107D1C0094F88A31B4F88C1194F8842194F888C1C1
:107D2C0094F889E184F8875163BB94F89C01CDE900
:107D3C00033000232046CDE900C3CDF808E02B46E4
:107D4C00FFF726FB0028DCD17FBA022340F2BC618E
:107D5C00204607AAADF81C70FFF7CEF90028D0D149
:107D6C0076BA022340F2BE61204607AAADF81C6029
:107D7C00FFF7C2F9C5E7B8F1000F18BF0625C7E732
:107D8C000125C5E7FF20D2E7012812D12A1E18BF12
:107D9C00012294F8A03184F86F21019394F870318A
:107DAC002046009394F89C31B4F87211FFF7CAFA8C
:107DBC00A7E74FF0FF30A4E7F0B589B004460E46B4
:107DCC001546FFF723FA002851D1DEB994F88A0141
:107DDC0084F88961B4F88C1194F8842194F8873173
:107DEC0094F8886160B994F89C51CDE903050020A2
:107DFC000290CDE900602046FFF7CAFA09B0F0BD49
:107E0C00FF25F2E701234FF4D761204684F889312E
:107E1C0007AAFFF778F90028F0D19DF81C30C5F3BC
:107E2C00002223F0010313438DF81C304FF4D7616B
:107E3C000223204607AA8DF81D50FFF75DF9002894
:107E4C00DCD194F88A01B4F88C1194F8842194F85C
:107E5C00873194F8886194F8897130B994F89C5101
:107E6C00CDE9030502970020C3E7FF25F8E76FF083
:107E7C001300C3E70021FFF7F2BA0121FFF7EFBAB5
:107E8C00003940F2FF1218BF0121FFF795BFD0F85F
:107E9C006801FCF75FBE37B504460D46FFF7B6F92F
:107EAC00012810D184F8A051019594F87031204626
:107EBC00009394F89C3194F86F21B4F87211FFF789
:107ECC0041FA03B030BD6FF01300FAE7F0B5064687
:107EDC00036885B01B690D46174698473046FFF777
:107EEC00EFFA830602D53046FFF7FFFA494925F031
:107EFC000040F8F7D9FF044630B10121304605B0F7
:107F0C00BDE8F040FDF7F5BD43492846F8F71AFDEA
:107F1C00404920F00040F8F7C7FF002869D13F49DD
:107F2C002846F8F70FFD3B4920F00040F8F7BCFF5E
:107F3C00002860D13A492846F8F704FD354920F06D
:107F4C000040F8F7B1FF002857D136492846F8F71A
:107F5C00F9FC304920F00040F8F7A6FF00284ED17C
:107F6C0031492846F8F7EEFC2A4920F00040F8F792
:107F7C009BFF002845D12D492846F8F7E3FC2549FD
:107F8C0020F00040F8F790FF00283CD12849284603
:107F9C00F8F7D8FC1F4920F00040F8F785FFA0BB8C
:107FAC0024492846F8F7CEFC1A4920F00040F8F78F
:107FBC007BFF60B3072338468DF80C30F8F774FD5F
:107FCC001D49F8F77DFEF8F7C9FF030C8DF80D304D
:107FDC000123C6F89471CDE9003340BAADF80E0018
:107FEC0004239721D6F8680103AAFCF73DFD05B0E0
:107FFC00F0BD2346DFE70123DDE70223DBE70323A4
:10800C00D9E70423D7E70523D5E70623D3E70B48A5
:10801C00EDE700BF6F12833ACDCCCC3F9A99D93F94
:10802C006666E63FCDCC0C409A991940CDCC2C40DD
:10803C00000040403333534000007A4141FDFFFFC4
:10804C001FB5012380F89911CDE900338DF80F107D
:10805C000DF10F029D21D0F86801FCF705FD05B06C
:10806C005DF804FB2DE9FF411F4600230D46164623
:10807C008DF80F3040F6E70101230DF10F02044695
:10808C00FFF741F8C8B94FF001083B46314620468E
:10809C009DF82820CDF80080FFF716F868B9042267
:1080AC002046E9B2FFF7C5F838B9434640F6E70178
:1080BC0020460DF10F02FFF71FF804B0BDE8F08168
:1080CC0070B586B004460E461546FFF79FF8C0B94A
:1080DC00CDE9036594F88931CDE9010394F8883131
:1080EC002046009394F8873194F88421B4F88C11CD
:1080FC00FFF74EF918B984F88A61C4F89C5106B0A0
:10810C0070BD6FF01300FAE70A460121FFF7D8BFE4
:10811C0010B504460846C4F860114FF09841F8F7C2
:10812C001BFD4FF07451F8F717FDF8F717FF0146D8
:10813C002046BDE81040FFF74BB8F0B5037B054671
:10814C000C4685B073B90126CDE9006633468A2109
:10815C00D5F8680102AA8DF80840FCF785FC40B1FF
:10816C0005B0F0BD00221146FFF767F90028EAD0F0
:10817C00F6E795F84D31CDE90066002B0CBF2023B6
:10818C00302393218DF80830D5F86801334602AAC4
:10819C00FCF76AFC0028E3D103228DF8082095F83F
:1081AC006C21CDE900660D328DF809200A22ADF85C
:1081BC000C00ADF80A208DF80E0007238821D5F8A5
:1081CC00680102AAFCF750FC07460028C8D12B68AE
:1081DC0044F2FF31D3F8EC30284698473B4604462E
:1081EC003A46394628460097FEF7C4FF204300B2B2
:1081FC000028B5D17F23CDE900608DF808308921A6
:10820C003346D5F8680102AAFCF72EFC0028A7D14A
:10821C00D5F86831052118680368DB699847D5F8EB
:10822C0068311868D96A02681269904720B9D5F884
:10823C006801FCF741FC93E7D5F8683118680368CE
:10824C005B6D9847EBE76FF0180070476FF0180004
:10825C0070476FF018007047036800215B6918477E
:10826C006FF0180070476FF0180070476FF018002F
:10827C0070476FF0180070476FF0180070476FF080
:10828C00180070476FF01800704784B004A800E91C
:10829C000E006FF0180004B070470020704700000B
:1082AC00004870470000C8C182B000208DE80C0067
:1082BC0002B07047002070476FF0180070476FF0E5
:1082CC0018007047002070477047704770476FF078
:1082DC001800704730B5002585B0CDE902558DF8F2
:1082EC0008300368CDE90012D3F8D0306A46032178
:1082FC000446984720B923682046D3F8D4309847D1
:10830C0005B030BD1FB50293069BCDE90012039357
:10831C0003686A460221D3F8D0300446984720B946
:10832C0023682046D3F8D430984704B010BD000021
:10833C0070B50126044600250E4B067303602822F7
:10834C000021103001F09BFD4FF480722946A5638B
:10835C0004F13C0001F093FD4FF07E5384F844513E
:10836C002046C4E94F55C4F8485184F84C51636019
:10837C00A66070BD24B60008002330B51A4601254E
:10838C00103005FA03F40C4204D050F823401F2C93
:10839C0018BF22430133202BF3D1104630BD0929DD
:1083AC0010B50ED800EB810422691F2A09D003688E
:1083BC00D3F8843098472369184214BF0120002059
:1083CC0010BD6FF01800FBE7036870B50446D3F8D6
:1083DC008C50FFF7D1FF2B4601462046BDE870407C
:1083EC00184738B590F84C3104469BB9D0F83C216D
:1083FC0041EA4201D0F84821C0F83C111140D0F8B4
:10840C004021914205D1012280F8393080F84C216D
:10841C00438738BD012590F83A2094F8393002444E
:10842C0092F83C009D40B9B12843C0B2591CC9B266
:10843C00082982F83C0084F83910EAD100F0D8F809
:10844C0094F83A30E218013382F83C0084F83A3060
:10845C00002384F83930DCE720EA0500E6E708223F
:10846C0002700022C0E90122C260028270472DE92D
:10847C00F84300264FEAC20805460F463246846888
:10848C00B04510D1EB6884EA03006B7C13B12978FA
:10849C0000F0AEF84FF0FF332A78C2F12002D3403F
:1084AC001840BDE8F88373070CD12B7CB85C02F143
:1084BC00010913B1082100F09BF84A462B78083BC0
:1084CC00984044402B780136013B24FA03F313F017
:1084DC00010F18BF6B684FEA440418BF5C40CFE72C
:1084EC000148FFF7BCBF00BF6407002000220270E8
:1084FC004270704700234170037070472DE9F74FAD
:10850C00019200296CD0002B6AD0002294461546AB
:10851C00019CA54212D1690708D04178032904BFF8
:10852C00110C03F8011B110A19705A700C9B0BB13A
:10853C00C3F800C0002003B0BDE8F08F90F801E054
:10854C00EF43DFF8A480BEF1020F18BFC24690F8CB
:10855C000080264E6FEA080908BFB2464FEAD504E0
:10856C000C5D07F0070744FA07F404F00104C4F1AA
:10857C0001064FEA86064FEA980B09F00309F6B29A
:10858C0006EBC9065AF82B9004EB480429FA06F6B8
:10859C000CBF4FF010094FF04009B4FBF9F809FB80
:1085AC00184407FB0EF706F00F06047005F00704DD
:1085BC00BE40072C42EA06020CD1BEF1030F04BFE9
:1085CC00140C03F8014B1C46160A04F8026B5A7083
:1085DC00234600224478013564441FFA84FC97E753
:1085EC004FF0FF30A7E700BF10B7000800B7000836
:1085FC000023F0B50446012518464E1EDAB291420E
:10860C0000D8F0BD05FA03F22240DA40F71ABA405E
:10861C0010430133F2E770477047704708467047C4
:10862C007047000010B5C0E90223029B074C0361A0
:10863C00039BC0E900414361049B83610023C36138
:10864C00034B1A6802B9186010BD00BF58B7000878
:10865C0078070020B0F80831B0F80421981A00F01F
:10866C003F007047B0F80831B0F804219BB2934238
:10867C001ABFD0F8FC30985C4FF0FF30704790F880
:10868C000631B0F80A01C0B2834227BFC3F13F03E1
:10869C00C018C01A00F1FF30704707B503688DF899
:1086AC00071001225B680DF10701984703B05DF8D4
:1086BC0004FB13B50DF107010446FBF71BFB88B94E
:1086CC00B4F87430B4F87020013303F03F039342D4
:1086DC0008D0B4F874209DF80700A16E92B28854AB
:1086EC00A4F8743002B010BDB0F87610826F10B5DB
:1086FC000A4402F03F02A0F87620B0F87610B0F8E9
:10870C00722089B28A421AD0B0F876404032A4B2B4
:10871C00B0F87610121B544289B204F03F0402F0F8
:10872C003F02C1F1400158BF62428A4228BF0A464B
:10873C0004498267FBF71AFB4FF0FF3010BD002095
:10874C00FCE700BFF586000803682DE9F0479B683D
:10875C00044688461646984701232374D4F8EC3017
:10876C00B4F8069101338246C9F1400904F194072B
:10877C0008D194F811312BB10023384684F811310B
:10878C00FBF714FB236820469B6898470028F9D018
:10879C0035464D4523D8554521D8B4F80621D4F893
:1087AC0000015319402B10442FD82A46414601F0A2
:1087BC0042FCA946B4F8063138461D4405F03F0585
:1087CC00A4F80651FBF724FA30B94A463846164944
:1087DC00C4F80C91FBF7CAFA3046BDE8F087D145D6
:1087EC0028BFD14623684A4641465B6820469847D5
:1087FC00236820469B689847A5EB0905C844B4F844
:10880C0006918246C9F14009C3E7C2F140094A46C4
:10881C00414601F010FCD4F80001A5EB090208EB6D
:10882C00090101F008FCC5E7F5860008C0F8F03036
:10883C00009B914208BF4FF0FF31C0F8F43000F1BB
:10884C001403C0F8FC300023C0E93A2100F15402B3
:10885C00A0F80831C0E94023A0F80A3170470000A5
:10886C00F7B54FF47A7317460022C0E901231C4B6D
:10887C00044603604FF0FF33C0F8EC30194B1A4E2E
:10888C009C420D46F06A05D1B36AC4F8EC30C4F8CA
:10889C00E8000AE01549FAF75BFF854215D1B36A87
:1088AC00C4F8EC30F36AC4F8E8304FF0FF33012F12
:1088BC0008BFC4F8EC3000932046D4E93A214FF0BD
:1088CC00FF33FFF7B3FF03B0F0BD28460849FAF7B2
:1088DC0050FF0649C4F8EC002846FAF74AFFD6E7E1
:1088EC00C8B700087C07002064AF0008FCAC000887
:1088FC00C0AC0008037C70B504460D46A3B1F8F774
:10890C00F7FB0646B4F80621B4F80A319BB29A423A
:10891C000AD0002DF8D0F8F7EBFB801B8542F1D87C
:10892C00B4F80A31A4F8063170BD0021FFF7E2BF9C
:10893C00D0F8EC3010B5013304460ED10368DB6877
:10894C00984794F8113143B9012304F1940084F849
:10895C001131BDE81040FBF737BA10BD7FB502F0FE
:10896C000703023BDBB2042B0546C0F8141180F858
:10897C001221144602F0300002D930280ED1FEE745
:10898C001B4A3028D25C0CD14FF4C0630132082A48
:10899C000ED0092AF3D14FF480520AE09306EED49C
:1089AC00EDE714F020031CBF4FF480630132EEE7B7
:1089BC000022E87CC4F3C0040390A87C05F1940663
:1089CC000290687C6403019000943046FBF70EF82B
:1089DC0085F8100148B12846FFF7AAFF3046054933
:1089EC0004B0BDE87040FBF7A1B904B070BD00BF86
:1089FC00B8B70008BF86000810B50446FFF798FF0B
:108A0C00B4F80821B4F8043192B29A4217BFD4F8E2
:108A1C00FC204FF0FF30D05C01331CBF03F03F0350
:108A2C00A4F8043110BD0000002202490248FFF7EF
:108A3C0017BF00BF003801407C07002070B5054609
:108A4C000C46084649B1F8F7A9FA2B6802462146AC
:108A5C002846BDE870405B68184770BD08B5FFF745
:108A6C00EDFF08BD03681B681847000008B50249F4
:108A7C00FFF7E4FF08BD00BFECB7000838B50546AA
:108A8C00FFF7DCFF04462846FFF7F0FF204438BD13
:108A9C00FFF7F4BF70B50D46144630B1461E012EDB
:108AAC0005D811462846FBF7C5F8204670BD03686B
:108ABC005B689847F9E70023012A98BF0A2230B572
:108ACC008BB00C468DF8243009A92546B4FBF2F482
:108ADC0004FB1253DBB2092B94BF30333733DBB2B8
:108AEC00AA4201F8013DF0D9FFF7A8FF0BB030BD49
:108AFC002DE9F04107460E4614462AB9BDE8F0416F
:108B0C000368C9B21B6818470A2A05D1002905DB7E
:108B1C00BDE8F041FFF7CFBFD2B2F9E72D21FFF747
:108B2C00A1FF2246054671423846FFF7C4FF284490
:108B3C00BDE8F08138B50546FFF7DAFF0446284654
:108B4C00FFF794FF204438BD10B422B9026810BC62
:108B5C001268C9B2104710BCD2B2FFF7ACBFFFF716
:108B6C00F3BF38B50546FFF7EFFF04462846FFF77D
:108B7C007DFF204438BD00002DE9F8430746084628
:108B8C000D461646F8F7AEF938B13D493846FFF7B1
:108B9C0055FF04462046BDE8F88325F000442046E6
:108BAC003849F8F79FF930B920463649F8F77CF97F
:108BBC0008B93549EAE728463449F8F789F908B184
:108BCC003349E3E76FF042512846F8F763F9002880
:108BDC00F6D100212846F8F75DF9044630B12D2175
:108BEC003846FFF73FFF044605F100454FF00008FB
:108BFC004FF07C50DFF89C905FFA88F39E4239D896
:108C0C0001462846F7F7A0FE8046F8F7A7F90A2296
:108C1C00014605463846FFF74EFF0444002EB9D0F6
:108C2C002846F7F741FF01464046F7F78BFE2E2109
:108C3C0005463846FFF716FFDFF858800444002E2F
:108C4C00A8D041462846F7F787FF8146F8F786F902
:108C5C000A22014605463846FFF72DFF04442846F4
:108C6C00F7F722FF01464846F7F76CFE013E054632
:108C7C00F6B2E4E74946F8F723F808F10108BBE738
:108C8C00EFB70008FFFF7F7FF3B70008FFFF7F4FB0
:108C9C00F7B700080000204108B5D2B2FFF76CFF0F
:108CAC0008BD10B5044600F051FBE0602368204677
:108CBC005B699847002808DA00F048FBE368C01AA3
:108CCC00A3689842F2D34FF0FF3010BDF8B50746B9
:108CDC000D460C468E18B44201D1601BF8BD3846C7
:108CEC00FFF7DFFF031EF8DB04F8013BF3E72DE988
:108CFC00F0410746884616461D4673B10024384697
:108D0C00FFF7CFFF031E05DB434503D0335501347A
:108D1C00A542F4D12046BDE8F0811C46FAE70000DC
:108D2C00114810B50368C3F30312042A19D80F496C
:108D3C0051F82220AAB10E4C416803F00F0354F8ED
:108D4C0023300029C3F30F230CD0C4BF01F1FF3132
:108D5C004160D16803EA010023EA010343EA0043BE
:108D6C00136110BD5361FCE76C010020080000206A
:108D7C0050B000082DE9FF41364D22280E4614460E
:108D8C002B681FD8344A52F8207043B9B020FAF738
:108D9C0048F880463149F9F7ABFFC5F80080781CDC
:108DAC001DD02F4B1A68511C01D0BA4217D1B6F501
:108DBC00803F14D20EBB286888B104B0BDE8F041E6
:108DCC00F9F756BD00F0C002C02A0BD03BB9B02059
:108DDC00FAF727F804462149F9F78AFF2C6004B00A
:108DEC00BDE8F081C928F1D81E4A00F03F0052F8C6
:108DFC002010194A52F82170C7E776001F6034B36F
:108E0C004FF47A727443B4FBF2F4012138465C607F
:108E1C00FAF7C0FB022231462868F9F707FF002356
:108E2C000193114B69460093104B28680393104B28
:108E3C000293F9F7A5FF029B1BB169460322084672
:108E4C009847286804B0BDE8F041F9F7FABD4FF037
:108E5C00FF34DAE79408002064AF000800040040F7
:108E6C006C0100203CAF00082D8D00086930000813
:108E7C0049300008222838B523D81B4B53F8203032
:108E8C005A1C1DD0194D2A689A4219D1184C2068C9
:108E9C00B0B129B3F9F7F0FE2868431C05D00021C6
:108EAC00FAF778FB4FF0FF332B60256835B1284675
:108EBC00F9F72EFEB0212846F9F7B9FF00232360FD
:108ECC0038BD00F0C003C02BFAD1C928F8D8094B23
:108EDC0000F03F0053F82020034B53F82230CFE72B
:108EEC00BDE83840F9F7C4BC64AF00086C01002041
:108EFC00940800203CAF0008C3B2222B14D8134AAC
:108F0C0000F4E06052F823300343C3F30312042A45
:108F1C001BD80F4951F82200B8B1012103F00F03FF
:108F2C00994089B2FAF7A2B800F0C002C02A0CD15D
:108F3C00C92B0AD8074B00F03F0253F82220034BF1
:108F4C0000F4E06053F82230DEE7704764AF0008AD
:108F5C00080000203CAF000830B5C3B2222B87B00C
:108F6C0030D800F4E064294850F823301C43022A1E
:108F7C003CD0032A264D03D0264B002A18BF1D4691
:108F8C00254B9A6942F001029A619B6903F0010337
:108F9C000193019BA4F10D03012B29D81F4A53689F
:108FAC0023F0E06343F08063536002A8F9F7B5FE49
:108FBC002A46204602A9FAF7D1F802A8F9F74FFC85
:108FCC0007B030BD00F0C004C02C0CD1C92B0AD89E
:108FDC00134B00F03F0453F824500C4B00F4E064A6
:108FEC0053F82530C2E74FF0FF34C0E70D4DC7E70B
:108FFC000F2C03D0A4F11303012BD6D8074A5368C6
:10900C0023F0E06343F00073CEE700BF64AF0008C9
:10901C00000021100000111000100240000001405F
:10902C003CAF00080000311008B100F0B7BD70472C
:10903C0010B5044628B100F0DFFD90FBF4F303FB00
:10904C001404204610BD884210B5044603DA081AF1
:10905C00FFF7EEFF0444204610BD10B5441A0298E9
:10906C00521AC01A444394FBF2F4E01810BD704736
:10907C0008B50320F8F742F8BDE8084000F086B9BF
:10908C0008B5AFF30080FAF7BBFFFBF771F800F0FF
:10909C006FF9FAE7FAF77EFB0B480C490C4A0023F0
:1090AC0002E0D458C4500433C4188C42F9D3094A92
:1090BC00094C002301E013600432A242FBD300F000
:1090CC0093FFFFF7DDFF704700000020D001002068
:1090DC0028B90008D00100206C0A0020FEE700002F
:1090EC00C3B2222B2DE9F0410D462AD8274A00F4B1
:1090FC00E06452F823301C43621C44D0244EC4F369
:10910C00031756F8273004F00F0823FA08F3DB078F
:10911C0010D520461F49FAF72DFA10B12046F9F761
:10912C00DDFE012256F8273002FA08F223EA020388
:10913C0046F82730052D15D8DFE805F015211B1D45
:10914C001F2300F0C002C02A1DD1C92B1BD8124B03
:10915C0000F03F0253F822200C4B00F4E06453F86B
:10916C002230C8E7FEE700212046BDE8F041FAF7BF
:10917C0011BA1021F8E72021F6E70321F4E70121C9
:10918C00F2E70921F0E7BDE8F08100BF64AF000809
:10919C009808002038AD00083CAF0008C3B2222B61
:1091AC001BD8174A00F4E06052F823301843431CD4
:1091BC0025D0C0F30313042B98BF124A00F00F0004
:1091CC0098BF52F82320104B88BF002253F8203050
:1091DC00C3F30F2391B11361704700F0C002C02A92
:1091EC000DD1C92B0BD8094B00F03F0253F82220AC
:1091FC00034B00F4E06053F82230D7E7536170471B
:10920C0064AF00080800002050B000083CAF000814
:10921C00C3B2222B1CD8194A00F4E06052F8233058
:10922C001843431C25D0C0F30313042B23D8144A32
:10923C0000F00F0052F82330124A9B6852F820209D
:10924C00D84300EA122080B2B0FA80F0400970478F
:10925C0000F0C002C02A0CD1C92B0AD80A4B00F06E
:10926C003F0253F82220054B00F4E06053F8223003
:10927C00D6E70020704700239B68FFDE64AF000830
:10928C000800002050B000083CAF00082DE9F8435E
:10929C00C3B2222B0D46174628D8294A52F8233040
:1092AC00012403F00F02C3F30313042B04FA02F49A
:1092BC002DD8244A52F82360002D18BF254600F003
:1092CC0047F88046B3682340AB4222D0B3682340B2
:1092DC00AB4227D100F03CF88146B3682340AB4247
:1092EC0027D000F035F8A0EB090019E000F0C0021F
:1092FC00C02A0AD1C92B08D8134B00F03F0053F8F1
:10930C0020200F4B53F82230CAE74FF400440026BC
:10931C00D2E700F01DF8A0EB0800B842D2D900202B
:10932C00BDE8F88300F014F8A0EB0800B842CDD9E2
:10933C00F5E700F00DF8A0EB0800B842CDD9EEE748
:10934C0064AF0008080000203CAF0008F9F718BE15
:10935C00F9F7F2BD38B5044648B1F9F711FE0546E8
:10936C00FFF785FEF9F70CFE431BA342F8D338BD7B
:10937C0008B5044B2BB10448FFF76CF908B1AFF3F7
:10938C00008008BD000000007C070020F9F744BEF7
:10939C0008B500F03DFB00002DE9F0411C46464BA2
:1093AC000D46C366002101231646A0F870305C22DE
:1093BC0080F872100746DDF8188000F060FDF3B2FB
:1093CC00222B28D83D4A06F4E06652F823301E437F
:1093DC00EBB2222BFE6532D8384A05F4E06552F820
:1093EC0023301D43E3B2222B3D663CD8334A04F4B0
:1093FC00E06452F823301C435FFA88F2222A7C6620
:10940C0045D82E4908F4E06351F82220134338461E
:10941C00BB66BDE8F08106F0C002C02A0CD1C92B96
:10942C000AD8274B06F03F0253F82220234B06F4B0
:10943C00E06653F82230CAE74FF0FF36C8E705F074
:10944C00C002C02A0CD1C92B0AD81D4B05F03F0213
:10945C0053F82220194B05F4E06553F82230C0E78D
:10946C004FF0FF35BEE704F0C002C02A0CD1C92B67
:10947C000AD8134B04F03F0253F822200F4B04F48C
:10948C00E06453F82230B6E74FF0FF34B4E708F04D
:10949C00C003C02B0CD1C92A0AD8094B08F03F02D3
:1094AC0053F82210054A08F4E06352F82120ADE786
:1094BC004FF0FF33ABE700BF00093D0064AF00087D
:1094CC003CAF000837B501230D460022074980F850
:1094DC005120C16680F8703080F8712080F872508D
:1094EC00009500F077F803B030BD00BF00093D00D7
:1094FC001FB502AB83E80600C16E029A0446914286
:10950C0005D1026F03994A4032F07F4210D09A88FD
:10951C0002989B79E066A4F8702084F8723000936E
:10952C00204694F8703094F87120E16E00F052F8F7
:10953C0004B010BD704700F087B907B5002A8DF84C
:10954C0007100DF107014FF001030CBF0A46002272
:10955C0000F0A8F99DF8070003B05DF804FB0000CB
:10956C00232307B5C6220093C721C5230248FFF762
:10957C0013FF03B05DF804FBAC08002091FAA1F3D3
:10958C00B3FA83F370B50D0E0F2691FAA1F1B1FA6F
:10959C0081F144599B0006FA03F3890024EA030481
:1095AC008A402243425170BD0346074A10684BB1B2
:1095BC00064A934201D1F8F7F3B9054A934201D117
:1095CC00F8F7DEB9704700BF2400002000300140DE
:1095DC00003800402DE9F74F0E4615461F4604464D
:1095EC00002800F0FF808F49006EFAF7B1F88E4921
:1095FC008146E06DFAF7ACF88C498346606EFAF759
:10960C00A7F88B498046A06EFAF7A2F88246B9F10A
:10961C00000F00F0E780BBF1000F00F0E380B8F121
:10962C00000F00F0DF8059464846FAF7A8F851467B
:10963C0081464046FAF7A3F8014680464846FAF7B9
:10964C009EF8A065B9F1000F00F0CC80B8F1000FC6
:10965C0000F0C880002800F0C580A26E9DF8303064
:10966C00511C0CBF4FF400724FF48022002B14BF1E
:10967C0000234FF48273A26120606360FFF794FFB4
:10968C00B6EB500F64D2B6EB900F63D2B6EBD00FA3
:10969C0062D2B6EB101F61D2B6EB501F60D2B6EBA4
:1096AC00901F5FD2B6EBD01F2CBF30233823E36161
:1096BC00002D59D0022D59D0013D18BF0125012391
:1096CC006D00C4E904530723E362B7FA87F34FF044
:1096DC0000085B09DB01C4E908385249206EC4F864
:1096EC000880C4F82880C4F80C80FAF719F84E49A1
:1096FC00E06DFAF715F84D49606EFAF711F8236929
:10970C004345636E18BF0126C3F3031208BF02263C
:10971C00042A8CBF4046474903F00F0398BF51F809
:10972C002200454A52F8231091FAA1F20B0EB2FA1C
:10973C0082F2C5580F23920093402B4091FAA1F26C
:10974C000D0AAAB9022E20D1C36823EA050326E02C
:10975C000023ACE70823AAE71023A8E71823A6E701
:10976C002023A4E72823A2E72B46AAE70023A8E797
:10977C00B2FA82F2022E4FEA820223FA02F334D0BA
:10978C00042B02D10822FFF7F9FEC268012322EA5A
:10979C00050295FAA5F5B5FA85F5AB401343C36000
:1097AC002349A06EF9F7BCFF2368244A934222D1C7
:1097BC00234B9A6942F480529A619A6902F480525E
:1097CC000092009ADA6842F48052DA60DA6822F485
:1097DC008052DA602046F8F78CF92268136843F05F
:1097EC004003136003B0BDE8F08F042BACD108220A
:1097FC00FFF7C4FEA8E7134A9342EBD1104BDA698A
:10980C0042F48042DA61DA6902F480420192019AF0
:10981C001A6942F480421A611A6922F480421A6170
:10982C00D8E700BF18AC0008E8AB0008B8AB0008DC
:10983C0088AB00080800002050B000080030014040
:10984C00001002400038004010B5044690B1F8F703
:10985C00A9F92368104A93420DD1104BDA6842F4EF
:10986C008052DA60DA6822F48052DA609A6922F463
:10987C0080529A6110BD0A4A9342FBD1074B1A6978
:10988C0042F480421A611A6922F480421A61DA6940
:10989C0022F48042DA61EDE7003001400010024012
:1098AC00003800402DE9F0410D4616461C4633B3F6
:1098BC000768F7F71DFC8046BB689907FCD5D5B146
:1098CC0015F8013B3B73BB68DA07FCD53B7B0EB14B
:1098DC0006F8013BF7F70CFCA0EB0800B0F57A7F1B
:1098EC0004F1FF3409D2002CE6D12046BB681B06DC
:1098FC00FCD4BDE8F081FF23E4E70120F6E7022069
:10990C00F7E700002DE9F041C0F3C7557F3D162D58
:10991C00044620F0004724DC002D804614DB184F51
:10992C002F4138421AD01749F7F70EF80021F7F7F4
:10993C00CFFA98B1002C03DD4FF400032B4198446F
:10994C0028EA0700BDE8F0810E49F6F7FDFF00217B
:10995C00F7F7BEFA10B1002C0EDB57B92046BDE864
:10996C00F081B7F1FF4FF9D30146F6F7EDFFBDE8F3
:10997C00F0814FF07E50F2E74FF00040EFE700BF70
:10998C00FFFF7F00CAF249712DE9F041C0F3C755C2
:10999C007F3D162D044620F0004725DC002D804627
:1099AC0014DB184F2F4138421BD01749F6F7CCFF68
:1099BC000021F7F78DFAA0B1002C03DA4FF4000365
:1099CC002B41984428EA0700BDE8F0810E49F6F7D0
:1099DC00BBFF0021F7F77CFA18B1002C0CDB002040
:1099EC0000E02046BDE8F081B7F1FF4FF9D3014606
:1099FC00F6F7AAFFBDE8F08117B94FF00040F1E788
:109A0C000248EFE7FFFF7F00CAF24971000080BFF8
:109A1C00062008B500F076FA0120FAF77BFA000070
:109A2C00024B0146186800F02DB800BF80010020E1
:109A3C00024B0146186800F02BBB00BF80010020D0
:109A4C0070B50F4E0C463168054611B900F0AAFAF4
:109A5C0030602146284600F0A5FA431C03D14FF094
:109A6C00FF34204670BDC41C24F00304A042F8D07F
:109A7C00211A284600F096FA0130F2D1EFE700BF28
:109A8C00200900202DE9F843CD1C25F003050835ED
:109A9C000C2D38BF0C25002D064601DBA94204D93C
:109AAC000C2333600020BDE8F883DFF8D48000F08D
:109ABC0069F8D8F800301C4644BB29463046FFF7FD
:109ACC00BFFF431C044658D1D8F800402746002F4E
:109ADC0043D1002C4BD023683946304604EB0309A4
:109AEC0000F060FA814542D1216830466D1A294652
:109AFC00FFF7A6FF01303AD023682B442360D8F837
:109B0C0000305A6862BBC8F800700FE02268521B24
:109B1C0020D40B2A17D96119A342256018BF5960AC
:109B2C00636808BFC8F8001062514B60304600F003
:109B3C002FF804F10B00231D20F00700C21A1CBFE4
:109B4C001B1AA350AFE76268A3420CBFC8F80020F1
:109B5C005A60EBE723466468AEE73C467F68B6E79D
:109B6C001A465B68A342FBD100235360DEE70C234B
:109B7C003046336000F00CF894E70560D6E700BF80
:109B8C0024090020014800F054BA00BF680A0020E4
:109B9C00014800F04FBA00BF680A002038B5104BDE
:109BAC0004461D682B6BB3B91820FFF739FF02462A
:109BBC00286320B946210B4B0B4800F04BFA0B499C
:109BCC000B4BC0E900130B4B002183600B238381EB
:109BDC000120C2E9040100222B6B1C615A6138BDC3
:109BEC0080010020FBB7000812B800080E33CDAB83
:109BFC0034126DE6ECDE0500164B10B51C68236BB9
:109C0C00B3B91820FFF70CFF0246206320B952218C
:109C1C00114B124800F01EFA1149124BC0E9001307
:109C2C00114B002183600B2383810120C2E90401C5
:109C3C00216B0E480B694C6958430D4A02FB04001A
:109C4C00A3FB0232013340EB0200C1E9043020F0E7
:109C5C00004010BD80010020FBB7000812B80008BE
:109C6C000E33CDAB34126DE6ECDE05002DF45158FD
:109C7C002D7F954C002310B50446C0E90033C0E994
:109C8C000433836081814366C28183611946082253
:109C9C005C3000F0F4F80D4B246263620C4BA36251
:109CAC000C4BE3620C4B23630C4B9C4206D003F130
:109CBC006802944202D0D0339C4205D104F1580082
:109CCC00BDE8104000F0B4B910BD00BF059E0008FF
:109CDC00279E00085F9E0008839E0008280900202C
:109CEC00024A0349034800F069B800BF7401002020
:109CFC0069A500088401002041680C4B10B59942FD
:109D0C00044601D000F02AFCA168094B994202D00C
:109D1C00204600F023FCE168064B994204D0204613
:109D2C00BDE8104000F01ABC10BD00BF280900208F
:109D3C0090090020F809002010B50B4B0B4C0C4A75
:109D4C0020461A6004210022FFF794FF04F16800FA
:109D5C0001220921FFF78EFF04F1D0000222BDE899
:109D6C0010401221FFF786BF600A0020280900204E
:109D7C00ED9C0008014800F05CB900BF690A0020A6
:109D8C00014800F057B900BF690A002010B504461D
:109D9C00FFF7F0FF236A1BB1BDE81040FFF7F0BFDF
:109DAC00044B2362044B1B68002BF5D1FFF7C4FF57
:109DBC00F2E700BF059D0008600A00202DE9F8437A
:109DCC000746884614460026D4E90195B9F10109E5
:109DDC0005D52468002CF7D13046BDE8F883AB8953
:109DEC00012B07D9B5F90E30013303D0294638467B
:109DFC00C04706436835E9E710B50C46B1F90E10BB
:109E0C0000F0AAF80028ABBF636DA3891B1823F4DC
:109E1C008053ACBF6365A38110BD2DE9F0411F4693
:109E2C008B890546DB050C46164605D50223002218
:109E3C00B1F90E1000F07EF8A389324623F480535A
:109E4C00A38128463B46B4F90E10BDE8F04100F062
:109E5C00B9B810B50C46B1F90E1000F06BF8431CF4
:109E6C00A38915BF606523F4805343F48053A38109
:109E7C0018BFA38110BDB1F90E1000F04BB803460A
:109E8C000244934200D1704703F8011BF9E710B567
:109E9C006AB10139841810F8012B11F8013F9A426C
:109EAC0003D1A04201D0002AF5D1D01A10BD104622
:109EBC00FCE71F2938B505460C4604D91623036068
:109ECC004FF0FF3038BDC26B12B152F821304BB994
:109EDC00284600F065F8224601462846BDE8384081
:109EEC0000F04CB8012B0AD0591C03D11623036087
:109EFC000120E7E70021204642F824109847002073
:109F0C00E0E70000024B01461868FFF7D2BF00BF24
:109F1C008001002038B50023054D044608462B600F
:109F2C00F9F7EAFF431C02D12B6803B1236038BD5B
:109F3C00640A002038B50446084611460022054D37
:109F4C002A601A46F9F7E2FF431C02D12B6803B1D1
:109F5C00236038BD640A002038B504460846114613
:109F6C000022054D2A601A46F9F7D2FF431C02D194
:109F7C002B6803B1236038BD640A002038B5002378
:109F8C00064D0446084611462B60F9F7C5FF431CE5
:109F9C0002D12B6803B1236038BD00BF640A0020D6
:109FAC00F9F7C2BF38B50023054D044608462B60AF
:109FBC00F9F784FF431C02D12B6803B1236038BD31
:109FCC00640A002038B50446084611460022054DA7
:109FDC002A601A46FEF75EFD431C02D12B6803B1C2
:109FEC00236038BD640A002070B500260C4D0D4C62
:109FFC00641BA410A64209D100F050FD00260A4DA6
:10A00C000A4C641BA410A64205D170BD55F8043B44
:10A01C0098470136EEE755F8043B98470136F2E7CE
:10A02C0000B9000800B9000800B9000820B9000800
:10A03C007047704770470A44914200F1FF3300D1DA
:10A04C00704710B511F8014B914203F8014FF9D14B
:10A05C0010BD00001FB514461A46094B05461B6877
:10A06C00D86854B9074B1C46CDE9013400912B46F6
:10A07C00054900F09BFAFFF7CBFC044BF4E700BF5B
:10A08C00800100201BB6000894B8000887B80008AF
:10A09C0038B50546002940D051F8043C0C1F002B64
:10A0AC00B8BFE418FFF76EFD1C4A136833B9636040
:10A0BC0014602846BDE83840FFF76ABDA34208D9B2
:10A0CC00206821188B4201BF19685B680918216050
:10A0DC00EDE71A465B680BB1A342FAD91168501828
:10A0EC00A0420BD120680144501883421160E0D18A
:10A0FC0018685B68084410605360DAE702D90C23D7
:10A10C002B60D6E7206821188B4201BF19685B6869
:10A11C000918216063605460CBE738BD2409002026
:10A12C002DE9F047164698468A680B690746934214
:10A13C00B8BF1346336091F843200C46DDF82090ED
:10A14C000AB1013333602368990642BF3368023386
:10A15C003360256815F0060506D104F1190AE36889
:10A16C0032689B1AAB422BDC94F843302268003BDC
:10A17C0018BF0123920630D44146384604F14302FD
:10A18C00C847013023D02368226903F00603042B4F
:10A19C0014BF002533684FF0000608BFE56804F1D2
:10A1AC001A0408BFED1A54F8123C08BF25EAE575ED
:10A1BC009342C4BF9B1AED18B5421AD1002008E097
:10A1CC000123524641463846C847013003D14FF06F
:10A1DC00FF30BDE8F0870135C1E73020E11881F888
:10A1EC0043005A1C94F845102244023382F8431061
:10A1FC00C2E70123224641463846C8470130E6D023
:10A20C000136D9E72DE9FF470F7E9146782F80461E
:10A21C000C469A460C9E01F1430207D8622F0AD8CD
:10A22C00002F00F0DD80582F00F0C38004F14206AF
:10A23C0084F842703AE0A7F16303152BF6D801A11C
:10A24C0051F823F0A9A20008BDA2000839A2000809
:10A25C0039A2000839A2000839A20008BDA20008E2
:10A26C0039A2000839A2000839A2000839A2000856
:10A27C00D3A300084BA300088BA3000839A2000845
:10A28C0039A20008F5A3000839A200084BA3000866
:10A29C0039A2000839A2000893A3000833681A1DDC
:10A2AC001B68326004F1420684F842300123A8E0B6
:10A2BC0031682368081D30601E0601D50D6803E067
:10A2CC005D06FBD5B1F90050002D616878DA2D20C0
:10A2DC00002984F84300A1602DDA0A235D486D4201
:10A2EC001646B5FBF3F103FB1157C75D06F8017D6C
:10A2FC002F46BB420D46F4D9082B0BD12368DF0740
:10A30C0008D5236961689942DEBF302306F8013C09
:10A31C0006F1FF36921B22614B4621464046CDF892
:10A32C0000A003AAFFF7FCFE01306FD14FF0FF3005
:10A33C0004B0BDE8F08723F004032360CDE7216867
:10A34C003368080653F8045B02D4490648BFADB223
:10A35C006F2F336014BF0A2308233E48002184F872
:10A36C0043106668002EA660BADB216821F0040158
:10A37C002160002DB4D1002EB2D11646BCE7236863
:10A38C0043F0200323607827334884F84570236812
:10A39C0031681F0651F8045B02D45F0648BFADB2AA
:10A3AC003160D90744BF43F0200323601DB1102353
:10A3BC00D4E72848E9E7236823F020032360F6E775
:10A3CC000A232448CDE733682568181D616930607D
:10A3DC002E061B6801D5196002E06806FBD51980B2
:10A3EC0000231646236197E7336800211A1D32605B
:10A3FC001E686268304600F0EBF808B1801B6060A4
:10A40C0063682361002384F8433085E7324649466C
:10A41C0040462369D047013088D023689B0714D469
:10A42C00E068039B9842B8BF184681E70123324687
:10A43C0049464046D04701303FF478AF0135E368D8
:10A44C0003995B1AAB42F1DCEAE7002504F119062B
:10A45C00F5E700BFC3B80008D4B80008B1F90C2068
:10A46C00F8B5170705460C4656D44B68002B02DC92
:10A47C000B6C002B3DDDE66A002E3AD0002312F463
:10A48C0080522F68216A2B6025D0626DA3895807F2
:10A49C0005D56368D21A636B0BB1236CD21A216A8F
:10A4AC0000232846E66AB047411C24D00023636091
:10A4BC0023692360A389DA0400D56065616B2F6082
:10A4CC00B9B104F14403994202D02846FFF7E0FDEC
:10A4DC00002363630DE001232846B047461C024667
:10A4EC00D4D12B68002BD1D01D2B01D0162B2AD107
:10A4FC002F6000202EE02A68B4F90C3042B11D2ADE
:10A50C0001D0162A21D10023636023692360D5E78B
:10A51C00626022692260CEE70F69002FE9D09307B1
:10A52C0018BF00230E6808BF4B69F61B0F608B60C9
:10A53C00002EDEDD33463A462846216AD4F828C080
:10A54C00E047002807DCB4F90C304FF0FF3043F043
:10A55C004003A381F8BD0744361AE9E738B50B6907
:10A56C0005460C4613B90025284638BD18B1036AB8
:10A57C000BB9FFF70BFCB4F90C30002BF3D0626E67
:10A58C00D00704D4990502D4A06DFFF752FD2846DC
:10A59C002146FFF763FF636E0546DA07E4D4A3890F
:10A5AC009B05E1D4A06DFFF745FDDDE70EB403B5C7
:10A5BC00014603AB054853F8042B0068019300F0E7
:10A5CC003DF802B05DF804EB03B070478001002049
:10A5DC00034610B5C9B202449342184601D100207B
:10A5EC0003E0047801338C42F6D110BD936810B4AB
:10A5FC00013B002B936007DA9469A34201DB0A2923
:10A60C0002D110BC00F032B91368581C10601970DC
:10A61C00084610BC7047F8B506460F461446D518C8
:10A62C00AC4201D1002007E03A46304614F8011B39
:10A63C00FFF7DCFF431CF3D1F8BD00002DE9F04F10
:10A64C000D461446984606469DB018B1036A0BB9E0
:10A65C00FFF79CFB6B6ED90705D4AB899A0502D426
:10A66C00A86DFFF7E6FCAB891B0701D52B699BB9DD
:10A67C002946304600F038F970B16B6EDC0704D512
:10A68C004FF0FF301DB0BDE8F08FAB899805F7D4C3
:10A69C00A86DFFF7CFFCF3E70023099320238DF877
:10A6AC00293030234FF00109CDF80C80DFF8A88158
:10A6BC008DF82A3023469A4613F8012B0AB1252A25
:10A6CC00F9D1BAEB040B0BD05B4622462946304637
:10A6DC00FFF7A1FF013000F0A780099A5A440992B4
:10A6EC009AF80030002B00F09F8000234FF0FF32CF
:10A6FC00CDE905230AF1010A049307938DF8533031
:10A70C001A935446052214F8011B5348FFF760FFB7
:10A71C00049AD8B9D10644BF20238DF853301307BF
:10A72C0044BF2B238DF853309AF800302A2B15D0C8
:10A73C00544600204FF00A0C079A214611F8013BB1
:10A74C00303B092B4BD9B0B1079214E0A0EB0803B6
:10A75C0009FA03F31343A2460493D2E7039B191D92
:10A76C001B680391002BBBBF5B4242F002020793B4
:10A77C000793B8BF049223782E2B0AD163782A2B27
:10A78C0032D1039B02341A1D1B68039243EAE37314
:10A79C000593DFF8C8A0032250462178FFF718FF75
:10A7AC0038B14022049BA0EB0A00824013430134D1
:10A7BC00049314F8011B062229488DF82810FFF782
:10A7CC0007FF00283FD0274B1BBB039B073323F00D
:10A7DC00070308330393099B3B4409936AE70C4630
:10A7EC0001200CFB0232A8E700234FF00A0C19469B
:10A7FC0001340593204610F8012B303A092A03D96D
:10A80C00002BC6D00591C4E7044601230CFB0121A3
:10A81C00F0E703AB00932A463046134B04A9AFF381
:10A82C0000800746781CD6D16B6ED90705D4AB894E
:10A83C009A0502D4A86DFFF7FDFBAB895B063FF5CB
:10A84C001FAF09981EE703AB00932A463046064B10
:10A85C0004A9FFF7D7FCE4E7E5B80008EBB800085B
:10A86C00EFB800080000000023A60008F8B50E465B
:10A87C001446054618B1036A0BB9FFF787FAA369AA
:10A88C00A360A3891A0701D5236943B92146284639
:10A89C0000F02AF818B14FF0FF373846F8BD23689E
:10A8AC002269F6B2981A63693746834205DC214661
:10A8BC002846FFF753FE0028EDD1A368013BA360A7
:10A8CC0023685A1C22601E706269431C9A4204D091
:10A8DC00A389DB07E1D50A2EDFD121462846FFF7F5
:10A8EC003DFE0028D9D0D6E738B5294B0546186867
:10A8FC000C4618B1036A0BB9FFF748FAB4F90C30DF
:10A90C00190722D4DA0607D409222A6043F040033F
:10A91C004FF0FF30A38133E0580712D5616B41B182
:10A92C0004F14403994202D02846FFF7B1FB0023FF
:10A93C006363A38923F02403A38100236360236949
:10A94C002360A38943F00803A38123694BB9A3892E
:10A95C0003F42073B3F5007F03D02146284600F0A2
:10A96C003EF8B4F90C3013F001020AD00022A260B8
:10A97C0062695242A261226942B913F08000C5D1CA
:10A98C0038BD990758BF6269A260F4E70020F7E769
:10A99C008001002070B50C46B1F90E101546002947
:10A9AC001E4696B00CDAA389002113F0800F14BF59
:10A9BC0040234FF48063002031602B6016B070BDD3
:10A9CC006A4600F049F80028EDDB019901F470416A
:10A9DC00A1F50053594259414FF48063EBE78B8941
:10A9EC00F7B59D0706460C4607D504F147032360CF
:10A9FC0023610123636103B0F0BD6A4601ABFFF72D
:10AA0C00C9FF009F054639463046FFF73BF848B969
:10AA1C00B4F90C309A05EED423F0030343F002038F
:10AA2C00A381E2E7A389C4E9040743F08003A3816F
:10AA3C00019B20605BB13046B4F90E1000F01EF89B
:10AA4C0028B1A38923F0030343F00103A381A38955
:10AA5C001D43A581CFE7000038B50023064D044601
:10AA6C00084611462B60F9F74AFA431C02D12B68B1
:10AA7C0003B1236038BD00BF640A002038B5002341
:10AA8C00054D044608462B60F9F73EFA431C02D1EB
:10AA9C002B6803B1236038BD640A0020F8B500BFF1
:10AAAC00F8BC08BC9E467047F8B500BFF8BC08BCA3
:04AABC009E467047FB
:10AAC0000000FFFF000080000000000008000800F8
:10AAD0000000000000000000E8030000FFFFFFFF8F
:10AAE000FFFFFFFFFFFFFFFFFFFFFFFFFFFFFFFF76
:10AAF0000000D9430000FA420907120A08000000CA
:10AB00000000D9439A9999400000A0400000FA4201
:10AB10000A0010000000D9439A9999400A000000E9
:10AB2000FFFFFFFF00000000800100008001000027
:10AB300012AD101B00000000010100000100010027
:10AB400000000100010000005000B0001801780171
:10AB5000B0021803C8053006300C980C0000000045
:10AB60003500420055006B008400AB00D70008019F
:10AB70005601AE011002AC025C0320045805B50674
:10AB80003C08AC0A640D6B1004000000003001406A
:10AB9000120200000F00000000300140120100000E
:10ABA0001C0000000038004012000000FFFFFFFF03
:10ABB000000000000000000005000000003001401F
:10ABC00012020000130000000030014012010000DA
:10ABD0001D0000000038004012000000FFFFFFFFD2
:10ABE00000000000000000000600000000300140EE
:10ABF00012020000140000000030014012010000A9
:10AC00001E0000000038004012000000FFFFFFFFA0
:10AC100000000000000000000700000000300140BC
:10AC20001202000015000000003001401201000077
:10AC30001F0000000038004012000000FFFFFFFF6F
:10AC40000000000000000000000000000044004080
:10AC5000120000000B00000000380140120000004C
:10AC60001D00000000480040120B00001D01000004
:10AC700000480040120A0000FFFFFFFF0000000034
:10AC80000000000001000000004400401208000025
:10AC90000C00000000380140120000001E000000FF
:10ACA00000480040120000001E0100000048004063
:10ACB000120A0000FFFFFFFF00000000000000007C
:10ACC0000300000000440040100800000A000000DB
:10ACD0000038014010060000170000000038014055
:10ACE000100500001B00000000480040100000009C
:10ACF000FFFFFFFF00000000000000000200000056
:10AD00000044004012080000090000000038014023
:10AD10001206000016000000003801401205000075
:10AD20001A0000000048004012000000FFFFFFFF73
:10AD300000000000000000000000000000000040D3
:10AD4000128000000001000000000040129000008E
:10AD5000010000000000004012120100010100008B
:10AD6000000000401210010002000000000000403E
:10AD70001292010002010000000000401291010047
:10AD80000300000000000040121202000301000056
:10AD90000000004012110200060000000004004004
:10ADA0001295000007000000002C0140128D1000D9
:10ADB0000701000000040040121501000800000017
:10ADC000002C0140128E000008010000002C014000
:10ADD000128D000009000000002C0140120E01003D
:10ADE00009010000002C0140120D01000A000000C2
:10ADF000002C0140128E01000A010000002C0140CD
:10AE0000128D01000B000000002C0140120E020008
:10AE10000B010000002C0140120D02000F00000089
:10AE200000000040129100000F01000000000040EF
:10AE3000128F000010000000002C0140120D1100C4
:10AE400010010000000400401295010010020000F3
:10AE5000000400401294010011000000002C014089
:10AE6000128D1100110100000004004012150200B3
:10AE70001102000000040040121402001300000040
:10AE8000000000401211010013010000000000400A
:10AE9000120F010014000000000400401294000092
:10AEA000150000000004004012140100160000000C
:10AEB0000008004012970000170000000008004042
:10AEC000121701001800000000080040129701004E
:10AED0001900000000080040121702001A000000CC
:10AEE00000000040129001001A0100000000004024
:10AEF000128F01001B000000000000401210020031
:10AF00001B01000000000040120F02001D000000A5
:10AF1000002C0140128E10001E000000002C014089
:10AF2000120E11001F000000002C0140128E1100B3
:10AF3000FFFFFFFF00000000000000001400000001
:10AF400015000000160000001700000018000000A7
:10AF5000190000001A0000001B0000001C00000087
:10AF60001D0000001900000018000000170000007C
:10AF7000160000001500000014000000130000007F
:10AF80000F0000000C0000000B0000000A00000091
:10AF900009000000080000001F0000001E00000063
:10AFA0001D0000001C0000002D0000002E0000000D
:10AFB0002F0000000000000001000000020000005F
:10AFC000030000000400000005000000060000006F
:10AFD0000700000010000000110000001A0000002F
:10AFE0001B000000120000000D0000000E00000019
:10AFF000010202030405060708090A0B0C0D0E0FD7
:10B0000010100201040302040810040040000004B0
:10B010000100000002000000040000000800000021
:10B020001000000020000000400000008000000030
:10B030000001000000020000000400000008000001
:10B040000010000000200000004000000080000010
:10B0500001010000020200000404000008080000D2
:10B060001010000020200000404000008080000000
:10B0700001000104020002040400040408000804A2
:10B0800010001004200020044000400480008004D0
:10B0900000000000010203040000000000000000A6
:10B0A00001020304060708093D3D3D205265706515
:10B0B00061746572204C6F5261202853544D3332B5
:10B0C00046313033202B2053583132363229206319
:10B0D0006F6D7061746976656C20636F6D204D656E
:10B0E0007368746173746963203D3D3D004E6F6405
:10B0F000652049442028756C74696D6F20627974ED
:10B10000652C20757361646F20656D2072656C61BC
:10B11000795F6E6F6465293A2030780046616C680B
:10B120006120616F20696E696369617220535831D3
:10B130003236322C20636F6469676F3A200056659F
:10B1400072696669717565206F732070696E6F73BF
:10B15000204E53532F52455345542F425553592F88
:10B1600044494F31206E6F20746F706F20646F20E0
:10B170006172717569766F2E00536C6F74207469FB
:10B180006D652063616C63756C61646F3A200020AB
:10B190006D730046616C686120616F20696E696340
:10B1A00069617220726563657063616F20636F6EA1
:10B1B00074696E75612C20636F6469676F3A200053
:10B1C0004F7576696E646F20656D2000204D487A5A
:10B1D00020284C6F6E6746617374202F2042525FA7
:10B1E000414E5A292E2E2E0052582066726F6D3D08
:10B1F00030780020746F3D3078002069643D3078ED
:10B200000020686F703D002F002063683D3078009B
:10B2100020736E723D0020727373693D00206C656F
:10B220006E3D0020202D3E20686F705F6C696D6957
:10B23000743D302C206E616F2072657472616E7384
:10B240006D6974650020202D3E206A612076697347
:10B25000746F2C2069676E6F72616E646F20286452
:10B2600065647570290020202D3E2072657472611E
:10B270006E736D6974696E646F20656D20002020A7
:10B280002D3E204552524F20616F20696E696369DF
:10B290006172207472616E736D697373616F2C20BB
:10B2A000636F6469676F3A200020202D3E2072652D
:10B2B0007472616E736D697469646F204F4B002006
:10B2C000202D3E204552524F3A2074696D656F75AE
:10B2D00074206573706572616E646F2054585F44AA
:10B2E0004F4E452028327329000000000000000066
:10B2F00000000000654C00087B4D00086D4D000803
:10B300005F4D0008514D0008114D0008034D000825
:10B31000FD4C0008F14B0008F94C0008F54C000802
:10B32000E34C00087D4C0008D94C00088B4C000809
:10B33000D34C0008854C0008674C0008894D000874
:10B34000C14C0008B14C0008AD4C0008194C000875
:10B350002D860008535831323631000000000000BD
:10B3600000000000D94F0008E3500008C15B00084E
:10B37000896F0008CF6F0008D96F0008F5510008E9
:10B380001183000899580008E182000883570008DB
:10B39000D9620008495D0008A955000897550008C2
:10B3A000795100088578000805780008D17B0008ED
:10B3B0008D7E0008A37E0008C9510008154F0008C3
:10B3C000277C00086977000851790008217A000875
:10B3D000E95D0008F95C000859580008355200087A
:10B3E00035540008C9530008F7550008E355000814
:10B3F000E153000811520008DD570008A557000866
:10B40000D15100089159000821560008EB5300085B
:10B4100057570008697500087175000869750008BC
:10B420007175000869750008717500083D4F0008C6
:10B430006D550008495F0008E9560008F3530008FD
:10B4400019750008497500087975000845760008E7
:10B45000BB710008DB4F0008E14D000831500008C7
:10B46000454E0008735000089D4E0008A950000882
:10B47000DD4E000822FB12001103210011062103FA
:10B4800022021406110B120B110E120E11141116BA
:10B49000220B13152111240D211421162215231519
:10B4A0004113411433145213611652165316631686
:10B4B00064167416000000000000000031540008FB
:10B4C00073570008C15B0008896F0008CF6F000840
:10B4D000D96F0008F5510008118300089958000839
:10B4E000E182000883570008D9620008495D00081E
:10B4F000A9550008975500087F8200088578000844
:10B5000005780008D17B00088D7E0008A37E000826
:10B510008B82000891820008277C00086977000868
:10B5200051790008217A0008E95D0008F95C0008FB
:10B53000595800083552000835540008C95300080E
:10B54000F7550008E3550008E153000811520008C0
:10B55000DD570008A5570008D1510008915900088F
:10B5600021560008EB53000857570008697500087A
:10B570007175000869750008717500086975000823
:10B58000717500086D8200086D550008495F00085C
:10B59000E9560008F35300081975000849750008BA
:10B5A0007975000845760008BB710008212D3033FD
:10B5B0003639000F060300122436480416283A4C88
:10B5C000081A2C3E0C1E3042102234460113253737
:10B5D000490517293B4D091B2D3F0D1F31431123F1
:10B5E0003547021426384A06182A3C4E0A1C2E40BB
:10B5F0000E203244031527394B07192B3D4F0B1DE5
:10B600002F410F2133451F170F1E160E1D150D1C40
:10B61000140C1B130B1A120A191109000000000068
:10B62000000000000000000000000000538200083D
:10B630005F820008658200086D8200085F82000852
:10B640001183000859820008E18200085F82000827
:10B650005F82000873820008798200085F82000818
:10B660007F8200087F8200087F8200086D820008C8
:10B670006D820008858200088B8200089182000894
:10B680007382000879820008978200089782000878
:10B69000A7820008AD820008AD820008B5820008CC
:10B6A000C1820008C1820008C582000879820008B2
:10B6B000798200085F820008CB8200085F82000860
:10B6C0005F820008CB820008D1820008D582000882
:10B6D000D7820008D5820008D9820008D5820008E8
:10B6E000D9820008D5820008D98200086D8200083E
:10B6F000CB820008DB8200085F82000800000000A7
:10B7000030211203120330210312213021300312A1
:10B710004370340725165261526125163407437071
:10B720000734704361521625162561527043073461
:10B730003407437052612516251652614370340751
:10B740007043073416256152615216250734704341
:10B7500000000000000000000000000000000000E9
:10B7600000000000000000000000000000000000D9
:10B7700000000000000000000000000000000000C9
:10B7800000000000000000000000000000000000B9
:10B7900000000000000000000000000023860008F8
:10B7A00023860008258600082786000823860008CF
:10B7B000298600082D860008060007000800000002
:10B7C0000000000000000000A78600085587000860
:10B7D0008B8600083789000861860008058A000802
:10B7E00071860008D98C0008FB8C00080D0A006ED9
:10B7F000616E00696E66006F7666005245454E5474
:10B80000206D616C6C6F632073756363656564653F
:10B8100064002F5F5F772F61726D2D6E6F6E652DE7
:10B82000656162692D6763632D787061636B2F6159
:10B83000726D2D6E6F6E652D656162692D67636334
:10B840002D787061636B2F6275696C642F77696EF8
:10B8500033322D7836342F736F75726365732F6EA4
:10B8600065776C69622D63796777696E2F6E65778E
:10B870006C69622F6C6962632F7374646C69622FE8
:10B8800072616E642E63002C2066756E6374696F3E
:10B890006E3A2000617373657274696F6E202225A1
:10B8A0007322206661696C65643A2066696C652064
:10B8B000222573222C206C696E6520256425732552
:10B8C000730A003031323334353637383941424328
:10B8D00044454600303132333435363738396162C9
:10B8E0006364656600232D302B2000686C4C006576
:08B8F0006667454647000000B1
:08B8F800B056FF7F01000000C3
:10B900007D900008DD0F00083D320008F14300087B
:10B91000396F0008ED840008358A00086D9500082D
:08B92000B90F000815330008FF
:10B92800010000001000000000080140000C014068
:10B93800001001400014014000180140003002408E
:10B948000000000000127A00000000000000000063
:10B9580000000000000000000000000000000000DF
:10B9680000000000000000000000000000000000CF
:10B9780000000000000000000000000000000000BF
:10B9880000000000000000000000000000000000AF
:10B99800000000000000000000000000FFFFFFFFA3
:10B9A800FFFFFFFFFFFFFFFFFFFFFFFF0003000098
:10B9B800000000000000000000000000000000007F
:10B9C80000000000700A00200100000000000000D4
:10B9D800000000000000000000000000000000005F
:10B9E800020000000000000000000000000000004D
:10B9F800000000000000000003000000000000003C
:10BA0800000000000000000000000000000000002E
:10BA1800000000000000000000000000000000001E
:10BA280000000000000000000D0A526164696F4CBC
:10BA3800696220496E666F0A56657273696F6E3A5D
:10BA4800202022372E372E312E30220D0A506C61DD
:10BA580074666F726D3A202241726475696E6F2048
:10BA680053544D333220286F6666696369616C29C7
:10BA7800220D0A224A756C203132203230323622A9
:10BA8800202231383A32393A31322200FFFFFFFFA3
:10BA9800000000000000000003000000280900204A
:10BAA80084010020000000002809002090090020DF
:10BAB800F80900200000000000000000000000005D
:10BAC800000000000000000000000000000000006E
:10BAD800000000000000000000000000000000005E
:10BAE800000000000000000000000000000000004E
:04000005080090A1BE
:00000001FF
